dataset	threshold_group	k	nodes	edges	n_contigs	n50	n90	longest	total_len	cov_mean	cov_median	cov_max	method	nodes_base	edges_base	n50_base	total_len_base	nodes_base_ds	edges_base_ds	n50_base_ds	total_len_base_ds	nodes_base_final	edges_base_final	n50_base_final	total_len_base_final	len_ratio	n50_ratio	frag_penalty	len_penalty	n50_reward	score
10K_lemuru10	0.3	115	1.0	0.0	1.0	16635.0	16635.0	16635.0	16635.0	31.852482	31.852482	31.852482	cnn	1.0	0.0	16670.0	16670.0	1.0	0.0	16670.0	16670.0	1.0	0.0	16670.0	16670.0	0.9979004199159569	0.9979004199159569	0.0	0.0020995800840430956	0.9979004199159569	0.9968506298739354
10K_lemuru10	0.3	115	1.0	0.0	1.0	16635.0	16635.0	16635.0	16635.0	31.852482	31.852482	31.852482	cnn	1.0	0.0	16670.0	16670.0	1.0	0.0	16670.0	16670.0	1.0	0.0	16670.0	16670.0	0.9979004199159569	0.9979004199159569	0.0	0.0020995800840430956	0.9979004199159569	0.9968506298739354
10K_lemuru10	0.3	115	1.0	0.0	1.0	16635.0	16635.0	16635.0	16635.0	31.852482	31.852482	31.852482	cnn	1.0	0.0	16670.0	16670.0	1.0	0.0	16670.0	16670.0	1.0	0.0	16670.0	16670.0	0.9979004199159569	0.9979004199159569	0.0	0.0020995800840430956	0.9979004199159569	0.9968506298739354
10K_lemuru10	0.3	127	1.0	0.0	1.0	16635.0	16635.0	16635.0	16635.0	20.890417	20.890417	20.890417	cnn	1.0	0.0	16670.0	16670.0	1.0	0.0	16670.0	16670.0	1.0	0.0	16670.0	16670.0	0.9979004199159569	0.9979004199159569	0.0	0.0020995800840430956	0.9979004199159569	0.9968506298739354
10K_lemuru10	0.3	127	1.0	0.0	1.0	16635.0	16635.0	16635.0	16635.0	20.890417	20.890417	20.890417	cnn	1.0	0.0	16670.0	16670.0	1.0	0.0	16670.0	16670.0	1.0	0.0	16670.0	16670.0	0.9979004199159569	0.9979004199159569	0.0	0.0020995800840430956	0.9979004199159569	0.9968506298739354
10K_lemuru10	0.3	127	1.0	0.0	1.0	16635.0	16635.0	16635.0	16635.0	20.890417	20.890417	20.890417	cnn	1.0	0.0	16670.0	16670.0	1.0	0.0	16670.0	16670.0	1.0	0.0	16670.0	16670.0	0.9979004199159569	0.9979004199159569	0.0	0.0020995800840430956	0.9979004199159569	0.9968506298739354
10K_lemuru10	0.5	115	1.0	0.0	1.0	16635.0	16635.0	16635.0	16635.0	33.017797	33.017797	33.017797	cnn	1.0	0.0	16670.0	16670.0	1.0	0.0	16670.0	16670.0	1.0	0.0	16670.0	16670.0	0.9979004199159569	0.9979004199159569	0.0	0.0020995800840430956	0.9979004199159569	0.9968506298739354
10K_lemuru10	0.5	115	1.0	0.0	1.0	16635.0	16635.0	16635.0	16635.0	33.017797	33.017797	33.017797	cnn	1.0	0.0	16670.0	16670.0	1.0	0.0	16670.0	16670.0	1.0	0.0	16670.0	16670.0	0.9979004199159569	0.9979004199159569	0.0	0.0020995800840430956	0.9979004199159569	0.9968506298739354
10K_lemuru10	0.5	115	1.0	0.0	1.0	16635.0	16635.0	16635.0	16635.0	33.017797	33.017797	33.017797	cnn	1.0	0.0	16670.0	16670.0	1.0	0.0	16670.0	16670.0	1.0	0.0	16670.0	16670.0	0.9979004199159569	0.9979004199159569	0.0	0.0020995800840430956	0.9979004199159569	0.9968506298739354
10K_lemuru10	0.5	127	1.0	0.0	1.0	16635.0	16635.0	16635.0	16635.0	21.654773	21.654773	21.654773	cnn	1.0	0.0	16670.0	16670.0	1.0	0.0	16670.0	16670.0	1.0	0.0	16670.0	16670.0	0.9979004199159569	0.9979004199159569	0.0	0.0020995800840430956	0.9979004199159569	0.9968506298739354
10K_lemuru10	0.5	127	1.0	0.0	1.0	16635.0	16635.0	16635.0	16635.0	21.654773	21.654773	21.654773	cnn	1.0	0.0	16670.0	16670.0	1.0	0.0	16670.0	16670.0	1.0	0.0	16670.0	16670.0	0.9979004199159569	0.9979004199159569	0.0	0.0020995800840430956	0.9979004199159569	0.9968506298739354
10K_lemuru10	0.5	127	1.0	0.0	1.0	16635.0	16635.0	16635.0	16635.0	21.654773	21.654773	21.654773	cnn	1.0	0.0	16670.0	16670.0	1.0	0.0	16670.0	16670.0	1.0	0.0	16670.0	16670.0	0.9979004199159569	0.9979004199159569	0.0	0.0020995800840430956	0.9979004199159569	0.9968506298739354
10K_lemuru10	0.7	115	1.0	0.0	1.0	16635.0	16635.0	16635.0	16635.0	33.898729	33.898729	33.898729	cnn	1.0	0.0	16670.0	16670.0	1.0	0.0	16670.0	16670.0	1.0	0.0	16670.0	16670.0	0.9979004199159569	0.9979004199159569	0.0	0.0020995800840430956	0.9979004199159569	0.9968506298739354
10K_lemuru10	0.7	115	1.0	0.0	1.0	16635.0	16635.0	16635.0	16635.0	33.898729	33.898729	33.898729	cnn	1.0	0.0	16670.0	16670.0	1.0	0.0	16670.0	16670.0	1.0	0.0	16670.0	16670.0	0.9979004199159569	0.9979004199159569	0.0	0.0020995800840430956	0.9979004199159569	0.9968506298739354
10K_lemuru10	0.7	115	1.0	0.0	1.0	16635.0	16635.0	16635.0	16635.0	33.898729	33.898729	33.898729	cnn	1.0	0.0	16670.0	16670.0	1.0	0.0	16670.0	16670.0	1.0	0.0	16670.0	16670.0	0.9979004199159569	0.9979004199159569	0.0	0.0020995800840430956	0.9979004199159569	0.9968506298739354
10K_lemuru10	0.7	127	1.0	0.0	1.0	16635.0	16635.0	16635.0	16635.0	22.222256	22.222256	22.222256	cnn	1.0	0.0	16670.0	16670.0	1.0	0.0	16670.0	16670.0	1.0	0.0	16670.0	16670.0	0.9979004199159569	0.9979004199159569	0.0	0.0020995800840430956	0.9979004199159569	0.9968506298739354
10K_lemuru10	0.7	127	1.0	0.0	1.0	16635.0	16635.0	16635.0	16635.0	22.222256	22.222256	22.222256	cnn	1.0	0.0	16670.0	16670.0	1.0	0.0	16670.0	16670.0	1.0	0.0	16670.0	16670.0	0.9979004199159569	0.9979004199159569	0.0	0.0020995800840430956	0.9979004199159569	0.9968506298739354
10K_lemuru10	0.7	127	1.0	0.0	1.0	16635.0	16635.0	16635.0	16635.0	22.222256	22.222256	22.222256	cnn	1.0	0.0	16670.0	16670.0	1.0	0.0	16670.0	16670.0	1.0	0.0	16670.0	16670.0	0.9979004199159569	0.9979004199159569	0.0	0.0020995800840430956	0.9979004199159569	0.9968506298739354
10K_lemuru15	0.3	115	1.0	0.0	1.0	16695.0	16695.0	16695.0	16695.0	30.363691	30.363691	30.363691	cnn	1.0	0.0	16695.0	16695.0	1.0	0.0	16695.0	16695.0	1.0	0.0	16695.0	16695.0	0.99999999999994	0.99999999999994	0.0	5.995204332975845e-14	0.99999999999994	0.9999999999999101
10K_lemuru15	0.3	115	1.0	0.0	1.0	16695.0	16695.0	16695.0	16695.0	30.363691	30.363691	30.363691	cnn	1.0	0.0	16695.0	16695.0	1.0	0.0	16695.0	16695.0	1.0	0.0	16695.0	16695.0	0.99999999999994	0.99999999999994	0.0	5.995204332975845e-14	0.99999999999994	0.9999999999999101
10K_lemuru15	0.3	115	1.0	0.0	1.0	16695.0	16695.0	16695.0	16695.0	30.363691	30.363691	30.363691	cnn	1.0	0.0	16695.0	16695.0	1.0	0.0	16695.0	16695.0	1.0	0.0	16695.0	16695.0	0.99999999999994	0.99999999999994	0.0	5.995204332975845e-14	0.99999999999994	0.9999999999999101
10K_lemuru15	0.3	127	1.0	0.0	1.0	16695.0	16695.0	16695.0	16695.0	19.905118	19.905118	19.905118	cnn	1.0	0.0	16695.0	16695.0	1.0	0.0	16695.0	16695.0	1.0	0.0	16695.0	16695.0	0.99999999999994	0.99999999999994	0.0	5.995204332975845e-14	0.99999999999994	0.9999999999999101
10K_lemuru15	0.3	127	1.0	0.0	1.0	16695.0	16695.0	16695.0	16695.0	19.905118	19.905118	19.905118	cnn	1.0	0.0	16695.0	16695.0	1.0	0.0	16695.0	16695.0	1.0	0.0	16695.0	16695.0	0.99999999999994	0.99999999999994	0.0	5.995204332975845e-14	0.99999999999994	0.9999999999999101
10K_lemuru15	0.3	127	1.0	0.0	1.0	16695.0	16695.0	16695.0	16695.0	19.905118	19.905118	19.905118	cnn	1.0	0.0	16695.0	16695.0	1.0	0.0	16695.0	16695.0	1.0	0.0	16695.0	16695.0	0.99999999999994	0.99999999999994	0.0	5.995204332975845e-14	0.99999999999994	0.9999999999999101
10K_lemuru15	0.5	115	1.0	0.0	1.0	16695.0	16695.0	16695.0	16695.0	31.287214	31.287214	31.287214	cnn	1.0	0.0	16695.0	16695.0	1.0	0.0	16695.0	16695.0	1.0	0.0	16695.0	16695.0	0.99999999999994	0.99999999999994	0.0	5.995204332975845e-14	0.99999999999994	0.9999999999999101
10K_lemuru15	0.5	115	1.0	0.0	1.0	16695.0	16695.0	16695.0	16695.0	31.287214	31.287214	31.287214	cnn	1.0	0.0	16695.0	16695.0	1.0	0.0	16695.0	16695.0	1.0	0.0	16695.0	16695.0	0.99999999999994	0.99999999999994	0.0	5.995204332975845e-14	0.99999999999994	0.9999999999999101
10K_lemuru15	0.5	115	1.0	0.0	1.0	16695.0	16695.0	16695.0	16695.0	31.287214	31.287214	31.287214	cnn	1.0	0.0	16695.0	16695.0	1.0	0.0	16695.0	16695.0	1.0	0.0	16695.0	16695.0	0.99999999999994	0.99999999999994	0.0	5.995204332975845e-14	0.99999999999994	0.9999999999999101
10K_lemuru15	0.5	127	1.0	0.0	1.0	16695.0	16695.0	16695.0	16695.0	20.50332	20.50332	20.50332	cnn	1.0	0.0	16695.0	16695.0	1.0	0.0	16695.0	16695.0	1.0	0.0	16695.0	16695.0	0.99999999999994	0.99999999999994	0.0	5.995204332975845e-14	0.99999999999994	0.9999999999999101
10K_lemuru15	0.5	127	1.0	0.0	1.0	16695.0	16695.0	16695.0	16695.0	20.50332	20.50332	20.50332	cnn	1.0	0.0	16695.0	16695.0	1.0	0.0	16695.0	16695.0	1.0	0.0	16695.0	16695.0	0.99999999999994	0.99999999999994	0.0	5.995204332975845e-14	0.99999999999994	0.9999999999999101
10K_lemuru15	0.5	127	1.0	0.0	1.0	16695.0	16695.0	16695.0	16695.0	20.50332	20.50332	20.50332	cnn	1.0	0.0	16695.0	16695.0	1.0	0.0	16695.0	16695.0	1.0	0.0	16695.0	16695.0	0.99999999999994	0.99999999999994	0.0	5.995204332975845e-14	0.99999999999994	0.9999999999999101
10K_lemuru15	0.7	115	1.0	0.0	1.0	16695.0	16695.0	16695.0	16695.0	32.189023	32.189023	32.189023	cnn	1.0	0.0	16695.0	16695.0	1.0	0.0	16695.0	16695.0	1.0	0.0	16695.0	16695.0	0.99999999999994	0.99999999999994	0.0	5.995204332975845e-14	0.99999999999994	0.9999999999999101
10K_lemuru15	0.7	115	1.0	0.0	1.0	16695.0	16695.0	16695.0	16695.0	32.189023	32.189023	32.189023	cnn	1.0	0.0	16695.0	16695.0	1.0	0.0	16695.0	16695.0	1.0	0.0	16695.0	16695.0	0.99999999999994	0.99999999999994	0.0	5.995204332975845e-14	0.99999999999994	0.9999999999999101
10K_lemuru15	0.7	115	1.0	0.0	1.0	16695.0	16695.0	16695.0	16695.0	32.189023	32.189023	32.189023	cnn	1.0	0.0	16695.0	16695.0	1.0	0.0	16695.0	16695.0	1.0	0.0	16695.0	16695.0	0.99999999999994	0.99999999999994	0.0	5.995204332975845e-14	0.99999999999994	0.9999999999999101
10K_lemuru15	0.7	127	1.0	0.0	1.0	16695.0	16695.0	16695.0	16695.0	21.081965	21.081965	21.081965	cnn	1.0	0.0	16695.0	16695.0	1.0	0.0	16695.0	16695.0	1.0	0.0	16695.0	16695.0	0.99999999999994	0.99999999999994	0.0	5.995204332975845e-14	0.99999999999994	0.9999999999999101
10K_lemuru15	0.7	127	1.0	0.0	1.0	16695.0	16695.0	16695.0	16695.0	21.081965	21.081965	21.081965	cnn	1.0	0.0	16695.0	16695.0	1.0	0.0	16695.0	16695.0	1.0	0.0	16695.0	16695.0	0.99999999999994	0.99999999999994	0.0	5.995204332975845e-14	0.99999999999994	0.9999999999999101
10K_lemuru15	0.7	127	1.0	0.0	1.0	16695.0	16695.0	16695.0	16695.0	21.081965	21.081965	21.081965	cnn	1.0	0.0	16695.0	16695.0	1.0	0.0	16695.0	16695.0	1.0	0.0	16695.0	16695.0	0.99999999999994	0.99999999999994	0.0	5.995204332975845e-14	0.99999999999994	0.9999999999999101
10K_lemuru5	0.3	115	1.0	0.0	1.0	16615.0	16615.0	16615.0	16615.0	33.566121	33.566121	33.566121	cnn	2.0	2.0	16754.0	16754.0	2.0	2.0	16766.0	16766.0	2.0	2.0	16754.0	16754.0	0.9917034737972429	0.9917034737972429	0.0	0.008296526202757115	0.9917034737972429	0.9875552106958643
10K_lemuru5	0.3	115	1.0	0.0	1.0	16615.0	16615.0	16615.0	16615.0	33.566121	33.566121	33.566121	cnn	2.0	2.0	16754.0	16754.0	2.0	2.0	16766.0	16766.0	2.0	2.0	16754.0	16754.0	0.9917034737972429	0.9917034737972429	0.0	0.008296526202757115	0.9917034737972429	0.9875552106958643
10K_lemuru5	0.3	115	1.0	0.0	1.0	16615.0	16615.0	16615.0	16615.0	33.566121	33.566121	33.566121	cnn	2.0	2.0	16754.0	16754.0	2.0	2.0	16766.0	16766.0	2.0	2.0	16754.0	16754.0	0.9917034737972429	0.9917034737972429	0.0	0.008296526202757115	0.9917034737972429	0.9875552106958643
10K_lemuru5	0.3	127	1.0	0.0	1.0	16615.0	16615.0	16615.0	16615.0	22.024321	22.024321	22.024321	cnn	2.0	2.0	16766.0	16766.0	2.0	2.0	16766.0	16766.0	2.0	2.0	16766.0	16766.0	0.990993677680962	0.990993677680962	0.0	0.009006322319037974	0.990993677680962	0.986490516521443
10K_lemuru5	0.3	127	1.0	0.0	1.0	16615.0	16615.0	16615.0	16615.0	22.024321	22.024321	22.024321	cnn	2.0	2.0	16766.0	16766.0	2.0	2.0	16766.0	16766.0	2.0	2.0	16766.0	16766.0	0.990993677680962	0.990993677680962	0.0	0.009006322319037974	0.990993677680962	0.986490516521443
10K_lemuru5	0.3	127	1.0	0.0	1.0	16615.0	16615.0	16615.0	16615.0	22.024321	22.024321	22.024321	cnn	2.0	2.0	16766.0	16766.0	2.0	2.0	16766.0	16766.0	2.0	2.0	16766.0	16766.0	0.990993677680962	0.990993677680962	0.0	0.009006322319037974	0.990993677680962	0.986490516521443
10K_lemuru5	0.5	115	2.0	2.0	1.0	16690.0	16690.0	16690.0	16690.0	34.475173	34.475173	34.475173	cnn	2.0	2.0	16754.0	16754.0	2.0	2.0	16766.0	16766.0	2.0	2.0	16754.0	16754.0	0.9961800167123674	0.9961800167123674	3.0	0.0038199832876325557	0.9961800167123674	-1.255729974931449
10K_lemuru5	0.5	115	2.0	2.0	1.0	16690.0	16690.0	16690.0	16690.0	34.475173	34.475173	34.475173	cnn	2.0	2.0	16754.0	16754.0	2.0	2.0	16766.0	16766.0	2.0	2.0	16754.0	16754.0	0.9961800167123674	0.9961800167123674	3.0	0.0038199832876325557	0.9961800167123674	-1.255729974931449
10K_lemuru5	0.5	115	2.0	2.0	1.0	16690.0	16690.0	16690.0	16690.0	34.475173	34.475173	34.475173	cnn	2.0	2.0	16754.0	16754.0	2.0	2.0	16766.0	16766.0	2.0	2.0	16754.0	16754.0	0.9961800167123674	0.9961800167123674	3.0	0.0038199832876325557	0.9961800167123674	-1.255729974931449
10K_lemuru5	0.5	127	2.0	2.0	1.0	16702.0	16702.0	16702.0	16702.0	22.604103	22.604103	22.604103	cnn	2.0	2.0	16766.0	16766.0	2.0	2.0	16766.0	16766.0	2.0	2.0	16766.0	16766.0	0.9961827508051415	0.9961827508051415	3.0	0.0038172491948584852	0.9961827508051415	-1.2557258737922878
10K_lemuru5	0.5	127	2.0	2.0	1.0	16702.0	16702.0	16702.0	16702.0	22.604103	22.604103	22.604103	cnn	2.0	2.0	16766.0	16766.0	2.0	2.0	16766.0	16766.0	2.0	2.0	16766.0	16766.0	0.9961827508051415	0.9961827508051415	3.0	0.0038172491948584852	0.9961827508051415	-1.2557258737922878
10K_lemuru5	0.5	127	2.0	2.0	1.0	16702.0	16702.0	16702.0	16702.0	22.604103	22.604103	22.604103	cnn	2.0	2.0	16766.0	16766.0	2.0	2.0	16766.0	16766.0	2.0	2.0	16766.0	16766.0	0.9961827508051415	0.9961827508051415	3.0	0.0038172491948584852	0.9961827508051415	-1.2557258737922878
10K_lemuru5	0.7	115	2.0	2.0	1.0	16690.0	16690.0	16690.0	16690.0	35.543891	35.543891	35.543891	cnn	2.0	2.0	16754.0	16754.0	2.0	2.0	16766.0	16766.0	2.0	2.0	16754.0	16754.0	0.9961800167123674	0.9961800167123674	3.0	0.0038199832876325557	0.9961800167123674	-1.255729974931449
10K_lemuru5	0.7	115	2.0	2.0	1.0	16690.0	16690.0	16690.0	16690.0	35.543891	35.543891	35.543891	cnn	2.0	2.0	16754.0	16754.0	2.0	2.0	16766.0	16766.0	2.0	2.0	16754.0	16754.0	0.9961800167123674	0.9961800167123674	3.0	0.0038199832876325557	0.9961800167123674	-1.255729974931449
10K_lemuru5	0.7	115	2.0	2.0	1.0	16690.0	16690.0	16690.0	16690.0	35.543891	35.543891	35.543891	cnn	2.0	2.0	16754.0	16754.0	2.0	2.0	16766.0	16766.0	2.0	2.0	16754.0	16754.0	0.9961800167123674	0.9961800167123674	3.0	0.0038199832876325557	0.9961800167123674	-1.255729974931449
10K_lemuru5	0.7	127	2.0	2.0	1.0	16702.0	16702.0	16702.0	16702.0	23.303107	23.303107	23.303107	cnn	2.0	2.0	16766.0	16766.0	2.0	2.0	16766.0	16766.0	2.0	2.0	16766.0	16766.0	0.9961827508051415	0.9961827508051415	3.0	0.0038172491948584852	0.9961827508051415	-1.2557258737922878
10K_lemuru5	0.7	127	2.0	2.0	1.0	16702.0	16702.0	16702.0	16702.0	23.303107	23.303107	23.303107	cnn	2.0	2.0	16766.0	16766.0	2.0	2.0	16766.0	16766.0	2.0	2.0	16766.0	16766.0	0.9961827508051415	0.9961827508051415	3.0	0.0038172491948584852	0.9961827508051415	-1.2557258737922878
10K_lemuru5	0.7	127	2.0	2.0	1.0	16702.0	16702.0	16702.0	16702.0	23.303107	23.303107	23.303107	cnn	2.0	2.0	16766.0	16766.0	2.0	2.0	16766.0	16766.0	2.0	2.0	16766.0	16766.0	0.9961827508051415	0.9961827508051415	3.0	0.0038172491948584852	0.9961827508051415	-1.2557258737922878
10K_lemuru50	0.3	115	1.0	0.0	1.0	16687.0	16687.0	16687.0	16687.0	18.651822	18.651822	18.651822	cnn	2.0	2.0	16439.0	16439.0	1.0	0.0	16758.0	16758.0	2.0	2.0	16439.0	16439.0	1.0150860757953029	1.0150860757953029	0.0	0.015086075795302856	1.0150860757953029	1.0075430378976513
10K_lemuru50	0.3	115	1.0	0.0	1.0	16687.0	16687.0	16687.0	16687.0	18.651822	18.651822	18.651822	cnn	2.0	2.0	16439.0	16439.0	1.0	0.0	16758.0	16758.0	2.0	2.0	16439.0	16439.0	1.0150860757953029	1.0150860757953029	0.0	0.015086075795302856	1.0150860757953029	1.0075430378976513
10K_lemuru50	0.3	115	1.0	0.0	1.0	16687.0	16687.0	16687.0	16687.0	18.651822	18.651822	18.651822	cnn	2.0	2.0	16439.0	16439.0	1.0	0.0	16758.0	16758.0	2.0	2.0	16439.0	16439.0	1.0150860757953029	1.0150860757953029	0.0	0.015086075795302856	1.0150860757953029	1.0075430378976513
10K_lemuru50	0.3	127	1.0	0.0	1.0	16687.0	16687.0	16687.0	16687.0	12.1468	12.1468	12.1468	cnn	1.0	0.0	16758.0	16758.0	1.0	0.0	16758.0	16758.0	1.0	0.0	16758.0	16758.0	0.9957632175676694	0.9957632175676694	0.0	0.00423678243233061	0.9957632175676694	0.9936448263515041
10K_lemuru50	0.3	127	1.0	0.0	1.0	16687.0	16687.0	16687.0	16687.0	12.1468	12.1468	12.1468	cnn	1.0	0.0	16758.0	16758.0	1.0	0.0	16758.0	16758.0	1.0	0.0	16758.0	16758.0	0.9957632175676694	0.9957632175676694	0.0	0.00423678243233061	0.9957632175676694	0.9936448263515041
10K_lemuru50	0.3	127	1.0	0.0	1.0	16687.0	16687.0	16687.0	16687.0	12.1468	12.1468	12.1468	cnn	1.0	0.0	16758.0	16758.0	1.0	0.0	16758.0	16758.0	1.0	0.0	16758.0	16758.0	0.9957632175676694	0.9957632175676694	0.0	0.00423678243233061	0.9957632175676694	0.9936448263515041
10K_lemuru50	0.5	115	1.0	0.0	1.0	16687.0	16687.0	16687.0	16687.0	19.292843	19.292843	19.292843	cnn	2.0	2.0	16439.0	16439.0	1.0	0.0	16758.0	16758.0	2.0	2.0	16439.0	16439.0	1.0150860757953029	1.0150860757953029	0.0	0.015086075795302856	1.0150860757953029	1.0075430378976513
10K_lemuru50	0.5	115	1.0	0.0	1.0	16687.0	16687.0	16687.0	16687.0	19.292843	19.292843	19.292843	cnn	2.0	2.0	16439.0	16439.0	1.0	0.0	16758.0	16758.0	2.0	2.0	16439.0	16439.0	1.0150860757953029	1.0150860757953029	0.0	0.015086075795302856	1.0150860757953029	1.0075430378976513
10K_lemuru50	0.5	115	1.0	0.0	1.0	16687.0	16687.0	16687.0	16687.0	19.292843	19.292843	19.292843	cnn	2.0	2.0	16439.0	16439.0	1.0	0.0	16758.0	16758.0	2.0	2.0	16439.0	16439.0	1.0150860757953029	1.0150860757953029	0.0	0.015086075795302856	1.0150860757953029	1.0075430378976513
10K_lemuru50	0.5	127	1.0	0.0	1.0	16687.0	16687.0	16687.0	16687.0	12.545652	12.545652	12.545652	cnn	1.0	0.0	16758.0	16758.0	1.0	0.0	16758.0	16758.0	1.0	0.0	16758.0	16758.0	0.9957632175676694	0.9957632175676694	0.0	0.00423678243233061	0.9957632175676694	0.9936448263515041
10K_lemuru50	0.5	127	1.0	0.0	1.0	16687.0	16687.0	16687.0	16687.0	12.545652	12.545652	12.545652	cnn	1.0	0.0	16758.0	16758.0	1.0	0.0	16758.0	16758.0	1.0	0.0	16758.0	16758.0	0.9957632175676694	0.9957632175676694	0.0	0.00423678243233061	0.9957632175676694	0.9936448263515041
10K_lemuru50	0.5	127	1.0	0.0	1.0	16687.0	16687.0	16687.0	16687.0	12.545652	12.545652	12.545652	cnn	1.0	0.0	16758.0	16758.0	1.0	0.0	16758.0	16758.0	1.0	0.0	16758.0	16758.0	0.9957632175676694	0.9957632175676694	0.0	0.00423678243233061	0.9957632175676694	0.9936448263515041
10K_lemuru50	0.7	115	1.0	0.0	1.0	16687.0	16687.0	16687.0	16687.0	20.089307	20.089307	20.089307	cnn	2.0	2.0	16439.0	16439.0	1.0	0.0	16758.0	16758.0	2.0	2.0	16439.0	16439.0	1.0150860757953029	1.0150860757953029	0.0	0.015086075795302856	1.0150860757953029	1.0075430378976513
10K_lemuru50	0.7	115	1.0	0.0	1.0	16687.0	16687.0	16687.0	16687.0	20.089307	20.089307	20.089307	cnn	2.0	2.0	16439.0	16439.0	1.0	0.0	16758.0	16758.0	2.0	2.0	16439.0	16439.0	1.0150860757953029	1.0150860757953029	0.0	0.015086075795302856	1.0150860757953029	1.0075430378976513
10K_lemuru50	0.7	115	1.0	0.0	1.0	16687.0	16687.0	16687.0	16687.0	20.089307	20.089307	20.089307	cnn	2.0	2.0	16439.0	16439.0	1.0	0.0	16758.0	16758.0	2.0	2.0	16439.0	16439.0	1.0150860757953029	1.0150860757953029	0.0	0.015086075795302856	1.0150860757953029	1.0075430378976513
10K_lemuru50	0.7	127	1.0	0.0	1.0	16687.0	16687.0	16687.0	16687.0	13.039191	13.039191	13.039191	cnn	1.0	0.0	16758.0	16758.0	1.0	0.0	16758.0	16758.0	1.0	0.0	16758.0	16758.0	0.9957632175676694	0.9957632175676694	0.0	0.00423678243233061	0.9957632175676694	0.9936448263515041
10K_lemuru50	0.7	127	1.0	0.0	1.0	16687.0	16687.0	16687.0	16687.0	13.039191	13.039191	13.039191	cnn	1.0	0.0	16758.0	16758.0	1.0	0.0	16758.0	16758.0	1.0	0.0	16758.0	16758.0	0.9957632175676694	0.9957632175676694	0.0	0.00423678243233061	0.9957632175676694	0.9936448263515041
10K_lemuru50	0.7	127	1.0	0.0	1.0	16687.0	16687.0	16687.0	16687.0	13.039191	13.039191	13.039191	cnn	1.0	0.0	16758.0	16758.0	1.0	0.0	16758.0	16758.0	1.0	0.0	16758.0	16758.0	0.9957632175676694	0.9957632175676694	0.0	0.00423678243233061	0.9957632175676694	0.9936448263515041
3200_lemuru10	0.3	115	1.0	0.0	1.0	16646.0	16646.0	16646.0	16646.0	5.969391	5.969391	5.969391	cnn	1.0	0.0	16669.0	16669.0	1.0	0.0	16669.0	16669.0	1.0	0.0	16669.0	16669.0	0.9986201931728959	0.9986201931728959	0.0	0.0013798068271041464	0.9986201931728959	0.9979302897593438
3200_lemuru10	0.3	115	1.0	0.0	1.0	16646.0	16646.0	16646.0	16646.0	5.969391	5.969391	5.969391	cnn	1.0	0.0	16669.0	16669.0	1.0	0.0	16669.0	16669.0	1.0	0.0	16669.0	16669.0	0.9986201931728959	0.9986201931728959	0.0	0.0013798068271041464	0.9986201931728959	0.9979302897593438
3200_lemuru10	0.3	115	1.0	0.0	1.0	16646.0	16646.0	16646.0	16646.0	5.969391	5.969391	5.969391	cnn	1.0	0.0	16669.0	16669.0	1.0	0.0	16669.0	16669.0	1.0	0.0	16669.0	16669.0	0.9986201931728959	0.9986201931728959	0.0	0.0013798068271041464	0.9986201931728959	0.9979302897593438
3200_lemuru10	0.3	127	1.0	0.0	1.0	16646.0	16646.0	16646.0	16646.0	3.668382	3.668382	3.668382	cnn	1.0	0.0	16669.0	16669.0	1.0	0.0	16669.0	16669.0	1.0	0.0	16669.0	16669.0	0.9986201931728959	0.9986201931728959	0.0	0.0013798068271041464	0.9986201931728959	0.9979302897593438
3200_lemuru10	0.3	127	1.0	0.0	1.0	16646.0	16646.0	16646.0	16646.0	3.668382	3.668382	3.668382	cnn	1.0	0.0	16669.0	16669.0	1.0	0.0	16669.0	16669.0	1.0	0.0	16669.0	16669.0	0.9986201931728959	0.9986201931728959	0.0	0.0013798068271041464	0.9986201931728959	0.9979302897593438
3200_lemuru10	0.3	127	1.0	0.0	1.0	16646.0	16646.0	16646.0	16646.0	3.668382	3.668382	3.668382	cnn	1.0	0.0	16669.0	16669.0	1.0	0.0	16669.0	16669.0	1.0	0.0	16669.0	16669.0	0.9986201931728959	0.9986201931728959	0.0	0.0013798068271041464	0.9986201931728959	0.9979302897593438
3200_lemuru10	0.5	115	1.0	0.0	1.0	16662.0	16662.0	16662.0	16662.0	6.742672	6.742672	6.742672	cnn	1.0	0.0	16669.0	16669.0	1.0	0.0	16669.0	16669.0	1.0	0.0	16669.0	16669.0	0.9995800587917092	0.9995800587917092	0.0	0.0004199412082908083	0.9995800587917092	0.9993700881875638
3200_lemuru10	0.5	115	1.0	0.0	1.0	16662.0	16662.0	16662.0	16662.0	6.742672	6.742672	6.742672	cnn	1.0	0.0	16669.0	16669.0	1.0	0.0	16669.0	16669.0	1.0	0.0	16669.0	16669.0	0.9995800587917092	0.9995800587917092	0.0	0.0004199412082908083	0.9995800587917092	0.9993700881875638
3200_lemuru10	0.5	115	1.0	0.0	1.0	16662.0	16662.0	16662.0	16662.0	6.742672	6.742672	6.742672	cnn	1.0	0.0	16669.0	16669.0	1.0	0.0	16669.0	16669.0	1.0	0.0	16669.0	16669.0	0.9995800587917092	0.9995800587917092	0.0	0.0004199412082908083	0.9995800587917092	0.9993700881875638
3200_lemuru10	0.5	127	1.0	0.0	1.0	16662.0	16662.0	16662.0	16662.0	4.184215	4.184215	4.184215	cnn	1.0	0.0	16669.0	16669.0	1.0	0.0	16669.0	16669.0	1.0	0.0	16669.0	16669.0	0.9995800587917092	0.9995800587917092	0.0	0.0004199412082908083	0.9995800587917092	0.9993700881875638
3200_lemuru10	0.5	127	1.0	0.0	1.0	16662.0	16662.0	16662.0	16662.0	4.184215	4.184215	4.184215	cnn	1.0	0.0	16669.0	16669.0	1.0	0.0	16669.0	16669.0	1.0	0.0	16669.0	16669.0	0.9995800587917092	0.9995800587917092	0.0	0.0004199412082908083	0.9995800587917092	0.9993700881875638
3200_lemuru10	0.5	127	1.0	0.0	1.0	16662.0	16662.0	16662.0	16662.0	4.184215	4.184215	4.184215	cnn	1.0	0.0	16669.0	16669.0	1.0	0.0	16669.0	16669.0	1.0	0.0	16669.0	16669.0	0.9995800587917092	0.9995800587917092	0.0	0.0004199412082908083	0.9995800587917092	0.9993700881875638
3200_lemuru10	0.7	115	1.0	0.0	1.0	16662.0	16662.0	16662.0	16662.0	8.151024	8.151024	8.151024	cnn	1.0	0.0	16669.0	16669.0	1.0	0.0	16669.0	16669.0	1.0	0.0	16669.0	16669.0	0.9995800587917092	0.9995800587917092	0.0	0.0004199412082908083	0.9995800587917092	0.9993700881875638
3200_lemuru10	0.7	115	1.0	0.0	1.0	16662.0	16662.0	16662.0	16662.0	8.151024	8.151024	8.151024	cnn	1.0	0.0	16669.0	16669.0	1.0	0.0	16669.0	16669.0	1.0	0.0	16669.0	16669.0	0.9995800587917092	0.9995800587917092	0.0	0.0004199412082908083	0.9995800587917092	0.9993700881875638
3200_lemuru10	0.7	115	1.0	0.0	1.0	16662.0	16662.0	16662.0	16662.0	8.151024	8.151024	8.151024	cnn	1.0	0.0	16669.0	16669.0	1.0	0.0	16669.0	16669.0	1.0	0.0	16669.0	16669.0	0.9995800587917092	0.9995800587917092	0.0	0.0004199412082908083	0.9995800587917092	0.9993700881875638
3200_lemuru10	0.7	127	1.0	0.0	1.0	16662.0	16662.0	16662.0	16662.0	5.155428	5.155428	5.155428	cnn	1.0	0.0	16669.0	16669.0	1.0	0.0	16669.0	16669.0	1.0	0.0	16669.0	16669.0	0.9995800587917092	0.9995800587917092	0.0	0.0004199412082908083	0.9995800587917092	0.9993700881875638
3200_lemuru10	0.7	127	1.0	0.0	1.0	16662.0	16662.0	16662.0	16662.0	5.155428	5.155428	5.155428	cnn	1.0	0.0	16669.0	16669.0	1.0	0.0	16669.0	16669.0	1.0	0.0	16669.0	16669.0	0.9995800587917092	0.9995800587917092	0.0	0.0004199412082908083	0.9995800587917092	0.9993700881875638
3200_lemuru10	0.7	127	1.0	0.0	1.0	16662.0	16662.0	16662.0	16662.0	5.155428	5.155428	5.155428	cnn	1.0	0.0	16669.0	16669.0	1.0	0.0	16669.0	16669.0	1.0	0.0	16669.0	16669.0	0.9995800587917092	0.9995800587917092	0.0	0.0004199412082908083	0.9995800587917092	0.9993700881875638
3200_lemuru15	0.3	115	1.0	0.0	1.0	16617.0	16617.0	16617.0	16617.0	5.772573	5.772573	5.772573	cnn	1.0	0.0	16617.0	16617.0	1.0	0.0	16617.0	16617.0	1.0	0.0	16617.0	16617.0	0.9999999999999398	0.9999999999999398	0.0	6.017408793468348e-14	0.9999999999999398	0.9999999999999097
3200_lemuru15	0.3	115	1.0	0.0	1.0	16617.0	16617.0	16617.0	16617.0	5.772573	5.772573	5.772573	cnn	1.0	0.0	16617.0	16617.0	1.0	0.0	16617.0	16617.0	1.0	0.0	16617.0	16617.0	0.9999999999999398	0.9999999999999398	0.0	6.017408793468348e-14	0.9999999999999398	0.9999999999999097
3200_lemuru15	0.3	115	1.0	0.0	1.0	16617.0	16617.0	16617.0	16617.0	5.772573	5.772573	5.772573	cnn	1.0	0.0	16617.0	16617.0	1.0	0.0	16617.0	16617.0	1.0	0.0	16617.0	16617.0	0.9999999999999398	0.9999999999999398	0.0	6.017408793468348e-14	0.9999999999999398	0.9999999999999097
3200_lemuru15	0.3	127	1.0	0.0	1.0	16617.0	16617.0	16617.0	16617.0	3.596725	3.596725	3.596725	cnn	1.0	0.0	16617.0	16617.0	1.0	0.0	16617.0	16617.0	1.0	0.0	16617.0	16617.0	0.9999999999999398	0.9999999999999398	0.0	6.017408793468348e-14	0.9999999999999398	0.9999999999999097
3200_lemuru15	0.3	127	1.0	0.0	1.0	16617.0	16617.0	16617.0	16617.0	3.596725	3.596725	3.596725	cnn	1.0	0.0	16617.0	16617.0	1.0	0.0	16617.0	16617.0	1.0	0.0	16617.0	16617.0	0.9999999999999398	0.9999999999999398	0.0	6.017408793468348e-14	0.9999999999999398	0.9999999999999097
3200_lemuru15	0.3	127	1.0	0.0	1.0	16617.0	16617.0	16617.0	16617.0	3.596725	3.596725	3.596725	cnn	1.0	0.0	16617.0	16617.0	1.0	0.0	16617.0	16617.0	1.0	0.0	16617.0	16617.0	0.9999999999999398	0.9999999999999398	0.0	6.017408793468348e-14	0.9999999999999398	0.9999999999999097
3200_lemuru15	0.5	115	1.0	0.0	1.0	16617.0	16617.0	16617.0	16617.0	6.667677	6.667677	6.667677	cnn	1.0	0.0	16617.0	16617.0	1.0	0.0	16617.0	16617.0	1.0	0.0	16617.0	16617.0	0.9999999999999398	0.9999999999999398	0.0	6.017408793468348e-14	0.9999999999999398	0.9999999999999097
3200_lemuru15	0.5	115	1.0	0.0	1.0	16617.0	16617.0	16617.0	16617.0	6.667677	6.667677	6.667677	cnn	1.0	0.0	16617.0	16617.0	1.0	0.0	16617.0	16617.0	1.0	0.0	16617.0	16617.0	0.9999999999999398	0.9999999999999398	0.0	6.017408793468348e-14	0.9999999999999398	0.9999999999999097
3200_lemuru15	0.5	115	1.0	0.0	1.0	16617.0	16617.0	16617.0	16617.0	6.667677	6.667677	6.667677	cnn	1.0	0.0	16617.0	16617.0	1.0	0.0	16617.0	16617.0	1.0	0.0	16617.0	16617.0	0.9999999999999398	0.9999999999999398	0.0	6.017408793468348e-14	0.9999999999999398	0.9999999999999097
3200_lemuru15	0.5	127	1.0	0.0	1.0	16617.0	16617.0	16617.0	16617.0	4.191389	4.191389	4.191389	cnn	1.0	0.0	16617.0	16617.0	1.0	0.0	16617.0	16617.0	1.0	0.0	16617.0	16617.0	0.9999999999999398	0.9999999999999398	0.0	6.017408793468348e-14	0.9999999999999398	0.9999999999999097
3200_lemuru15	0.5	127	1.0	0.0	1.0	16617.0	16617.0	16617.0	16617.0	4.191389	4.191389	4.191389	cnn	1.0	0.0	16617.0	16617.0	1.0	0.0	16617.0	16617.0	1.0	0.0	16617.0	16617.0	0.9999999999999398	0.9999999999999398	0.0	6.017408793468348e-14	0.9999999999999398	0.9999999999999097
3200_lemuru15	0.5	127	1.0	0.0	1.0	16617.0	16617.0	16617.0	16617.0	4.191389	4.191389	4.191389	cnn	1.0	0.0	16617.0	16617.0	1.0	0.0	16617.0	16617.0	1.0	0.0	16617.0	16617.0	0.9999999999999398	0.9999999999999398	0.0	6.017408793468348e-14	0.9999999999999398	0.9999999999999097
3200_lemuru15	0.7	115	1.0	0.0	1.0	16617.0	16617.0	16617.0	16617.0	7.465216	7.465216	7.465216	cnn	1.0	0.0	16617.0	16617.0	1.0	0.0	16617.0	16617.0	1.0	0.0	16617.0	16617.0	0.9999999999999398	0.9999999999999398	0.0	6.017408793468348e-14	0.9999999999999398	0.9999999999999097
3200_lemuru15	0.7	115	1.0	0.0	1.0	16617.0	16617.0	16617.0	16617.0	7.465216	7.465216	7.465216	cnn	1.0	0.0	16617.0	16617.0	1.0	0.0	16617.0	16617.0	1.0	0.0	16617.0	16617.0	0.9999999999999398	0.9999999999999398	0.0	6.017408793468348e-14	0.9999999999999398	0.9999999999999097
3200_lemuru15	0.7	115	1.0	0.0	1.0	16617.0	16617.0	16617.0	16617.0	7.465216	7.465216	7.465216	cnn	1.0	0.0	16617.0	16617.0	1.0	0.0	16617.0	16617.0	1.0	0.0	16617.0	16617.0	0.9999999999999398	0.9999999999999398	0.0	6.017408793468348e-14	0.9999999999999398	0.9999999999999097
3200_lemuru15	0.7	127	1.0	0.0	1.0	16617.0	16617.0	16617.0	16617.0	4.726258	4.726258	4.726258	cnn	1.0	0.0	16617.0	16617.0	1.0	0.0	16617.0	16617.0	1.0	0.0	16617.0	16617.0	0.9999999999999398	0.9999999999999398	0.0	6.017408793468348e-14	0.9999999999999398	0.9999999999999097
3200_lemuru15	0.7	127	1.0	0.0	1.0	16617.0	16617.0	16617.0	16617.0	4.726258	4.726258	4.726258	cnn	1.0	0.0	16617.0	16617.0	1.0	0.0	16617.0	16617.0	1.0	0.0	16617.0	16617.0	0.9999999999999398	0.9999999999999398	0.0	6.017408793468348e-14	0.9999999999999398	0.9999999999999097
3200_lemuru15	0.7	127	1.0	0.0	1.0	16617.0	16617.0	16617.0	16617.0	4.726258	4.726258	4.726258	cnn	1.0	0.0	16617.0	16617.0	1.0	0.0	16617.0	16617.0	1.0	0.0	16617.0	16617.0	0.9999999999999398	0.9999999999999398	0.0	6.017408793468348e-14	0.9999999999999398	0.9999999999999097
3200_lemuru5	0.3	-1	1.0	0.0	1.0	16546.0	16546.0	16546.0	16546.0	3.428223	3.428223	3.428223	cnn	1.0	0.0	16605.0	16605.0	1.0	0.0	16605.0	16605.0	1.0	0.0	16605.0	16605.0	0.9964468533573624	0.9964468533573624	0.0	0.003553146642637617	0.9964468533573624	0.9946702800360436
3200_lemuru5	0.3	115	1.0	0.0	1.0	16546.0	16546.0	16546.0	16546.0	5.6153	5.6153	5.6153	cnn	1.0	0.0	16605.0	16605.0	1.0	0.0	16605.0	16605.0	1.0	0.0	16605.0	16605.0	0.9964468533573624	0.9964468533573624	0.0	0.003553146642637617	0.9964468533573624	0.9946702800360436
3200_lemuru5	0.3	115	1.0	0.0	1.0	16546.0	16546.0	16546.0	16546.0	5.6153	5.6153	5.6153	cnn	1.0	0.0	16605.0	16605.0	1.0	0.0	16605.0	16605.0	1.0	0.0	16605.0	16605.0	0.9964468533573624	0.9964468533573624	0.0	0.003553146642637617	0.9964468533573624	0.9946702800360436
3200_lemuru5	0.3	115	1.0	0.0	1.0	16546.0	16546.0	16546.0	16546.0	5.6153	5.6153	5.6153	cnn	1.0	0.0	16605.0	16605.0	1.0	0.0	16605.0	16605.0	1.0	0.0	16605.0	16605.0	0.9964468533573624	0.9964468533573624	0.0	0.003553146642637617	0.9964468533573624	0.9946702800360436
3200_lemuru5	0.3	127	1.0	0.0	1.0	16546.0	16546.0	16546.0	16546.0	3.428223	3.428223	3.428223	cnn	1.0	0.0	16605.0	16605.0	1.0	0.0	16605.0	16605.0	1.0	0.0	16605.0	16605.0	0.9964468533573624	0.9964468533573624	0.0	0.003553146642637617	0.9964468533573624	0.9946702800360436
3200_lemuru5	0.3	127	1.0	0.0	1.0	16546.0	16546.0	16546.0	16546.0	3.428223	3.428223	3.428223	cnn	1.0	0.0	16605.0	16605.0	1.0	0.0	16605.0	16605.0	1.0	0.0	16605.0	16605.0	0.9964468533573624	0.9964468533573624	0.0	0.003553146642637617	0.9964468533573624	0.9946702800360436
3200_lemuru5	0.3	127	1.0	0.0	1.0	16546.0	16546.0	16546.0	16546.0	3.428223	3.428223	3.428223	cnn	1.0	0.0	16605.0	16605.0	1.0	0.0	16605.0	16605.0	1.0	0.0	16605.0	16605.0	0.9964468533573624	0.9964468533573624	0.0	0.003553146642637617	0.9964468533573624	0.9946702800360436
3200_lemuru5	0.5	115	1.0	0.0	1.0	16546.0	16546.0	16546.0	16546.0	6.607206	6.607206	6.607206	cnn	1.0	0.0	16605.0	16605.0	1.0	0.0	16605.0	16605.0	1.0	0.0	16605.0	16605.0	0.9964468533573624	0.9964468533573624	0.0	0.003553146642637617	0.9964468533573624	0.9946702800360436
3200_lemuru5	0.5	115	1.0	0.0	1.0	16546.0	16546.0	16546.0	16546.0	6.607206	6.607206	6.607206	cnn	1.0	0.0	16605.0	16605.0	1.0	0.0	16605.0	16605.0	1.0	0.0	16605.0	16605.0	0.9964468533573624	0.9964468533573624	0.0	0.003553146642637617	0.9964468533573624	0.9946702800360436
3200_lemuru5	0.5	115	1.0	0.0	1.0	16546.0	16546.0	16546.0	16546.0	6.607206	6.607206	6.607206	cnn	1.0	0.0	16605.0	16605.0	1.0	0.0	16605.0	16605.0	1.0	0.0	16605.0	16605.0	0.9964468533573624	0.9964468533573624	0.0	0.003553146642637617	0.9964468533573624	0.9946702800360436
3200_lemuru5	0.5	127	1.0	0.0	1.0	16546.0	16546.0	16546.0	16546.0	4.101468	4.101468	4.101468	cnn	1.0	0.0	16605.0	16605.0	1.0	0.0	16605.0	16605.0	1.0	0.0	16605.0	16605.0	0.9964468533573624	0.9964468533573624	0.0	0.003553146642637617	0.9964468533573624	0.9946702800360436
3200_lemuru5	0.5	127	1.0	0.0	1.0	16546.0	16546.0	16546.0	16546.0	4.101468	4.101468	4.101468	cnn	1.0	0.0	16605.0	16605.0	1.0	0.0	16605.0	16605.0	1.0	0.0	16605.0	16605.0	0.9964468533573624	0.9964468533573624	0.0	0.003553146642637617	0.9964468533573624	0.9946702800360436
3200_lemuru5	0.5	127	1.0	0.0	1.0	16546.0	16546.0	16546.0	16546.0	4.101468	4.101468	4.101468	cnn	1.0	0.0	16605.0	16605.0	1.0	0.0	16605.0	16605.0	1.0	0.0	16605.0	16605.0	0.9964468533573624	0.9964468533573624	0.0	0.003553146642637617	0.9964468533573624	0.9946702800360436
3200_lemuru5	0.7	115	1.0	0.0	1.0	16546.0	16546.0	16546.0	16546.0	7.625525	7.625525	7.625525	cnn	1.0	0.0	16605.0	16605.0	1.0	0.0	16605.0	16605.0	1.0	0.0	16605.0	16605.0	0.9964468533573624	0.9964468533573624	0.0	0.003553146642637617	0.9964468533573624	0.9946702800360436
3200_lemuru5	0.7	115	1.0	0.0	1.0	16546.0	16546.0	16546.0	16546.0	7.625525	7.625525	7.625525	cnn	1.0	0.0	16605.0	16605.0	1.0	0.0	16605.0	16605.0	1.0	0.0	16605.0	16605.0	0.9964468533573624	0.9964468533573624	0.0	0.003553146642637617	0.9964468533573624	0.9946702800360436
3200_lemuru5	0.7	115	1.0	0.0	1.0	16546.0	16546.0	16546.0	16546.0	7.625525	7.625525	7.625525	cnn	1.0	0.0	16605.0	16605.0	1.0	0.0	16605.0	16605.0	1.0	0.0	16605.0	16605.0	0.9964468533573624	0.9964468533573624	0.0	0.003553146642637617	0.9964468533573624	0.9946702800360436
3200_lemuru5	0.7	127	1.0	0.0	1.0	16546.0	16546.0	16546.0	16546.0	4.783056	4.783056	4.783056	cnn	1.0	0.0	16605.0	16605.0	1.0	0.0	16605.0	16605.0	1.0	0.0	16605.0	16605.0	0.9964468533573624	0.9964468533573624	0.0	0.003553146642637617	0.9964468533573624	0.9946702800360436
3200_lemuru5	0.7	127	1.0	0.0	1.0	16546.0	16546.0	16546.0	16546.0	4.783056	4.783056	4.783056	cnn	1.0	0.0	16605.0	16605.0	1.0	0.0	16605.0	16605.0	1.0	0.0	16605.0	16605.0	0.9964468533573624	0.9964468533573624	0.0	0.003553146642637617	0.9964468533573624	0.9946702800360436
3200_lemuru5	0.7	127	1.0	0.0	1.0	16546.0	16546.0	16546.0	16546.0	4.783056	4.783056	4.783056	cnn	1.0	0.0	16605.0	16605.0	1.0	0.0	16605.0	16605.0	1.0	0.0	16605.0	16605.0	0.9964468533573624	0.9964468533573624	0.0	0.003553146642637617	0.9964468533573624	0.9946702800360436
3200_lemuru50	0.3	115	1.0	0.0	1.0	16719.0	16719.0	16719.0	16719.0	4.145146	4.145146	4.145146	cnn	1.0	0.0	16657.0	16657.0	1.0	0.0	16635.0	16635.0	1.0	0.0	16657.0	16657.0	1.003722158852074	1.003722158852074	0.0	0.0037221588520739424	1.003722158852074	1.001861079426037
3200_lemuru50	0.3	115	1.0	0.0	1.0	16719.0	16719.0	16719.0	16719.0	4.145146	4.145146	4.145146	cnn	1.0	0.0	16657.0	16657.0	1.0	0.0	16635.0	16635.0	1.0	0.0	16657.0	16657.0	1.003722158852074	1.003722158852074	0.0	0.0037221588520739424	1.003722158852074	1.001861079426037
3200_lemuru50	0.3	115	1.0	0.0	1.0	16719.0	16719.0	16719.0	16719.0	4.145146	4.145146	4.145146	cnn	1.0	0.0	16657.0	16657.0	1.0	0.0	16635.0	16635.0	1.0	0.0	16657.0	16657.0	1.003722158852074	1.003722158852074	0.0	0.0037221588520739424	1.003722158852074	1.001861079426037
3200_lemuru50	0.3	127	1.0	0.0	1.0	16719.0	16719.0	16719.0	16719.0	2.59366	2.59366	2.59366	cnn	1.0	0.0	16635.0	16635.0	1.0	0.0	16635.0	16635.0	1.0	0.0	16635.0	16635.0	1.0050495942289748	1.0050495942289748	0.0	0.005049594228974774	1.0050495942289748	1.0025247971144875
3200_lemuru50	0.3	127	1.0	0.0	1.0	16719.0	16719.0	16719.0	16719.0	2.59366	2.59366	2.59366	cnn	1.0	0.0	16635.0	16635.0	1.0	0.0	16635.0	16635.0	1.0	0.0	16635.0	16635.0	1.0050495942289748	1.0050495942289748	0.0	0.005049594228974774	1.0050495942289748	1.0025247971144875
3200_lemuru50	0.3	127	1.0	0.0	1.0	16719.0	16719.0	16719.0	16719.0	2.59366	2.59366	2.59366	cnn	1.0	0.0	16635.0	16635.0	1.0	0.0	16635.0	16635.0	1.0	0.0	16635.0	16635.0	1.0050495942289748	1.0050495942289748	0.0	0.005049594228974774	1.0050495942289748	1.0025247971144875
3200_lemuru50	0.5	115	1.0	0.0	1.0	16744.0	16744.0	16744.0	16744.0	5.122798	5.122798	5.122798	cnn	1.0	0.0	16657.0	16657.0	1.0	0.0	16635.0	16635.0	1.0	0.0	16657.0	16657.0	1.0052230293569666	1.0052230293569666	0.0	0.005223029356966613	1.0052230293569666	1.0026115146784833
3200_lemuru50	0.5	115	1.0	0.0	1.0	16744.0	16744.0	16744.0	16744.0	5.122798	5.122798	5.122798	cnn	1.0	0.0	16657.0	16657.0	1.0	0.0	16635.0	16635.0	1.0	0.0	16657.0	16657.0	1.0052230293569666	1.0052230293569666	0.0	0.005223029356966613	1.0052230293569666	1.0026115146784833
3200_lemuru50	0.5	115	1.0	0.0	1.0	16744.0	16744.0	16744.0	16744.0	5.122798	5.122798	5.122798	cnn	1.0	0.0	16657.0	16657.0	1.0	0.0	16635.0	16635.0	1.0	0.0	16657.0	16657.0	1.0052230293569666	1.0052230293569666	0.0	0.005223029356966613	1.0052230293569666	1.0026115146784833
3200_lemuru50	0.5	127	1.0	0.0	1.0	16744.0	16744.0	16744.0	16744.0	3.262081	3.262081	3.262081	cnn	1.0	0.0	16635.0	16635.0	1.0	0.0	16635.0	16635.0	1.0	0.0	16635.0	16635.0	1.0065524496542828	1.0065524496542828	0.0	0.00655244965428281	1.0065524496542828	1.0032762248271414
3200_lemuru50	0.5	127	1.0	0.0	1.0	16744.0	16744.0	16744.0	16744.0	3.262081	3.262081	3.262081	cnn	1.0	0.0	16635.0	16635.0	1.0	0.0	16635.0	16635.0	1.0	0.0	16635.0	16635.0	1.0065524496542828	1.0065524496542828	0.0	0.00655244965428281	1.0065524496542828	1.0032762248271414
3200_lemuru50	0.5	127	1.0	0.0	1.0	16744.0	16744.0	16744.0	16744.0	3.262081	3.262081	3.262081	cnn	1.0	0.0	16635.0	16635.0	1.0	0.0	16635.0	16635.0	1.0	0.0	16635.0	16635.0	1.0065524496542828	1.0065524496542828	0.0	0.00655244965428281	1.0065524496542828	1.0032762248271414
3200_lemuru50	0.7	115	1.0	0.0	1.0	16644.0	16644.0	16644.0	16644.0	5.88378	5.88378	5.88378	cnn	1.0	0.0	16657.0	16657.0	1.0	0.0	16635.0	16635.0	1.0	0.0	16657.0	16657.0	0.9992195473373957	0.9992195473373957	0.0	0.0007804526626042918	0.9992195473373957	0.9988293210060936
3200_lemuru50	0.7	115	1.0	0.0	1.0	16644.0	16644.0	16644.0	16644.0	5.88378	5.88378	5.88378	cnn	1.0	0.0	16657.0	16657.0	1.0	0.0	16635.0	16635.0	1.0	0.0	16657.0	16657.0	0.9992195473373957	0.9992195473373957	0.0	0.0007804526626042918	0.9992195473373957	0.9988293210060936
3200_lemuru50	0.7	115	1.0	0.0	1.0	16644.0	16644.0	16644.0	16644.0	5.88378	5.88378	5.88378	cnn	1.0	0.0	16657.0	16657.0	1.0	0.0	16635.0	16635.0	1.0	0.0	16657.0	16657.0	0.9992195473373957	0.9992195473373957	0.0	0.0007804526626042918	0.9992195473373957	0.9988293210060936
3200_lemuru50	0.7	127	1.0	0.0	1.0	16644.0	16644.0	16644.0	16644.0	3.770116	3.770116	3.770116	cnn	1.0	0.0	16635.0	16635.0	1.0	0.0	16635.0	16635.0	1.0	0.0	16635.0	16635.0	1.0005410279530507	1.0005410279530507	0.0	0.0005410279530506656	1.0005410279530507	1.0002705139765253
3200_lemuru50	0.7	127	1.0	0.0	1.0	16644.0	16644.0	16644.0	16644.0	3.770116	3.770116	3.770116	cnn	1.0	0.0	16635.0	16635.0	1.0	0.0	16635.0	16635.0	1.0	0.0	16635.0	16635.0	1.0005410279530507	1.0005410279530507	0.0	0.0005410279530506656	1.0005410279530507	1.0002705139765253
3200_lemuru50	0.7	127	1.0	0.0	1.0	16644.0	16644.0	16644.0	16644.0	3.770116	3.770116	3.770116	cnn	1.0	0.0	16635.0	16635.0	1.0	0.0	16635.0	16635.0	1.0	0.0	16635.0	16635.0	1.0005410279530507	1.0005410279530507	0.0	0.0005410279530506656	1.0005410279530507	1.0002705139765253
10K_lemuru10	0.3	115	1.0	0.0	1.0	16620.0	16620.0	16620.0	16620.0	37.754741	37.754741	37.754741	gb	1.0	0.0	16670.0	16670.0	1.0	0.0	16670.0	16670.0	1.0	0.0	16670.0	16670.0	0.9970005998799641	0.9970005998799641	0.0	0.0029994001200358555	0.9970005998799641	0.9955008998199462
10K_lemuru10	0.3	115	1.0	0.0	1.0	16620.0	16620.0	16620.0	16620.0	37.754741	37.754741	37.754741	gb	1.0	0.0	16670.0	16670.0	1.0	0.0	16670.0	16670.0	1.0	0.0	16670.0	16670.0	0.9970005998799641	0.9970005998799641	0.0	0.0029994001200358555	0.9970005998799641	0.9955008998199462
10K_lemuru10	0.3	115	1.0	0.0	1.0	16620.0	16620.0	16620.0	16620.0	37.754741	37.754741	37.754741	gb	1.0	0.0	16670.0	16670.0	1.0	0.0	16670.0	16670.0	1.0	0.0	16670.0	16670.0	0.9970005998799641	0.9970005998799641	0.0	0.0029994001200358555	0.9970005998799641	0.9955008998199462
10K_lemuru10	0.3	127	1.0	0.0	1.0	16620.0	16620.0	16620.0	16620.0	24.744376	24.744376	24.744376	gb	1.0	0.0	16670.0	16670.0	1.0	0.0	16670.0	16670.0	1.0	0.0	16670.0	16670.0	0.9970005998799641	0.9970005998799641	0.0	0.0029994001200358555	0.9970005998799641	0.9955008998199462
10K_lemuru10	0.3	127	1.0	0.0	1.0	16620.0	16620.0	16620.0	16620.0	24.744376	24.744376	24.744376	gb	1.0	0.0	16670.0	16670.0	1.0	0.0	16670.0	16670.0	1.0	0.0	16670.0	16670.0	0.9970005998799641	0.9970005998799641	0.0	0.0029994001200358555	0.9970005998799641	0.9955008998199462
10K_lemuru10	0.3	127	1.0	0.0	1.0	16620.0	16620.0	16620.0	16620.0	24.744376	24.744376	24.744376	gb	1.0	0.0	16670.0	16670.0	1.0	0.0	16670.0	16670.0	1.0	0.0	16670.0	16670.0	0.9970005998799641	0.9970005998799641	0.0	0.0029994001200358555	0.9970005998799641	0.9955008998199462
10K_lemuru10	0.5	115	2.0	2.0	1.0	16618.0	16618.0	16618.0	16618.0	39.114585	39.114585	39.114585	gb	1.0	0.0	16670.0	16670.0	1.0	0.0	16670.0	16670.0	1.0	0.0	16670.0	16670.0	0.9968806238751651	0.9968806238751651	3.0	0.003119376124834927	0.9968806238751651	-1.2546790641872523
10K_lemuru10	0.5	115	2.0	2.0	1.0	16618.0	16618.0	16618.0	16618.0	39.114585	39.114585	39.114585	gb	1.0	0.0	16670.0	16670.0	1.0	0.0	16670.0	16670.0	1.0	0.0	16670.0	16670.0	0.9968806238751651	0.9968806238751651	3.0	0.003119376124834927	0.9968806238751651	-1.2546790641872523
10K_lemuru10	0.5	115	2.0	2.0	1.0	16618.0	16618.0	16618.0	16618.0	39.114585	39.114585	39.114585	gb	1.0	0.0	16670.0	16670.0	1.0	0.0	16670.0	16670.0	1.0	0.0	16670.0	16670.0	0.9968806238751651	0.9968806238751651	3.0	0.003119376124834927	0.9968806238751651	-1.2546790641872523
10K_lemuru10	0.5	127	1.0	0.0	1.0	16617.0	16617.0	16617.0	16617.0	25.628199	25.628199	25.628199	gb	1.0	0.0	16670.0	16670.0	1.0	0.0	16670.0	16670.0	1.0	0.0	16670.0	16670.0	0.9968206358727656	0.9968206358727656	0.0	0.0031793641272344075	0.9968206358727656	0.9952309538091484
10K_lemuru10	0.5	127	1.0	0.0	1.0	16617.0	16617.0	16617.0	16617.0	25.628199	25.628199	25.628199	gb	1.0	0.0	16670.0	16670.0	1.0	0.0	16670.0	16670.0	1.0	0.0	16670.0	16670.0	0.9968206358727656	0.9968206358727656	0.0	0.0031793641272344075	0.9968206358727656	0.9952309538091484
10K_lemuru10	0.5	127	1.0	0.0	1.0	16617.0	16617.0	16617.0	16617.0	25.628199	25.628199	25.628199	gb	1.0	0.0	16670.0	16670.0	1.0	0.0	16670.0	16670.0	1.0	0.0	16670.0	16670.0	0.9968206358727656	0.9968206358727656	0.0	0.0031793641272344075	0.9968206358727656	0.9952309538091484
10K_lemuru10	0.7	115	2.0	2.0	1.0	16618.0	16618.0	16618.0	16618.0	39.204508	39.204508	39.204508	gb	1.0	0.0	16670.0	16670.0	1.0	0.0	16670.0	16670.0	1.0	0.0	16670.0	16670.0	0.9968806238751651	0.9968806238751651	3.0	0.003119376124834927	0.9968806238751651	-1.2546790641872523
10K_lemuru10	0.7	115	2.0	2.0	1.0	16618.0	16618.0	16618.0	16618.0	39.204508	39.204508	39.204508	gb	1.0	0.0	16670.0	16670.0	1.0	0.0	16670.0	16670.0	1.0	0.0	16670.0	16670.0	0.9968806238751651	0.9968806238751651	3.0	0.003119376124834927	0.9968806238751651	-1.2546790641872523
10K_lemuru10	0.7	115	2.0	2.0	1.0	16618.0	16618.0	16618.0	16618.0	39.204508	39.204508	39.204508	gb	1.0	0.0	16670.0	16670.0	1.0	0.0	16670.0	16670.0	1.0	0.0	16670.0	16670.0	0.9968806238751651	0.9968806238751651	3.0	0.003119376124834927	0.9968806238751651	-1.2546790641872523
10K_lemuru10	0.7	127	1.0	0.0	1.0	16617.0	16617.0	16617.0	16617.0	25.677441	25.677441	25.677441	gb	1.0	0.0	16670.0	16670.0	1.0	0.0	16670.0	16670.0	1.0	0.0	16670.0	16670.0	0.9968206358727656	0.9968206358727656	0.0	0.0031793641272344075	0.9968206358727656	0.9952309538091484
10K_lemuru10	0.7	127	1.0	0.0	1.0	16617.0	16617.0	16617.0	16617.0	25.677441	25.677441	25.677441	gb	1.0	0.0	16670.0	16670.0	1.0	0.0	16670.0	16670.0	1.0	0.0	16670.0	16670.0	0.9968206358727656	0.9968206358727656	0.0	0.0031793641272344075	0.9968206358727656	0.9952309538091484
10K_lemuru10	0.7	127	1.0	0.0	1.0	16617.0	16617.0	16617.0	16617.0	25.677441	25.677441	25.677441	gb	1.0	0.0	16670.0	16670.0	1.0	0.0	16670.0	16670.0	1.0	0.0	16670.0	16670.0	0.9968206358727656	0.9968206358727656	0.0	0.0031793641272344075	0.9968206358727656	0.9952309538091484
10K_lemuru15	0.3	115	1.0	0.0	1.0	16695.0	16695.0	16695.0	16695.0	36.26544	36.26544	36.26544	gb	1.0	0.0	16695.0	16695.0	1.0	0.0	16695.0	16695.0	1.0	0.0	16695.0	16695.0	0.99999999999994	0.99999999999994	0.0	5.995204332975845e-14	0.99999999999994	0.9999999999999101
10K_lemuru15	0.3	115	1.0	0.0	1.0	16695.0	16695.0	16695.0	16695.0	36.26544	36.26544	36.26544	gb	1.0	0.0	16695.0	16695.0	1.0	0.0	16695.0	16695.0	1.0	0.0	16695.0	16695.0	0.99999999999994	0.99999999999994	0.0	5.995204332975845e-14	0.99999999999994	0.9999999999999101
10K_lemuru15	0.3	115	1.0	0.0	1.0	16695.0	16695.0	16695.0	16695.0	36.26544	36.26544	36.26544	gb	1.0	0.0	16695.0	16695.0	1.0	0.0	16695.0	16695.0	1.0	0.0	16695.0	16695.0	0.99999999999994	0.99999999999994	0.0	5.995204332975845e-14	0.99999999999994	0.9999999999999101
10K_lemuru15	0.3	127	1.0	0.0	1.0	16695.0	16695.0	16695.0	16695.0	23.72966	23.72966	23.72966	gb	1.0	0.0	16695.0	16695.0	1.0	0.0	16695.0	16695.0	1.0	0.0	16695.0	16695.0	0.99999999999994	0.99999999999994	0.0	5.995204332975845e-14	0.99999999999994	0.9999999999999101
10K_lemuru15	0.3	127	1.0	0.0	1.0	16695.0	16695.0	16695.0	16695.0	23.72966	23.72966	23.72966	gb	1.0	0.0	16695.0	16695.0	1.0	0.0	16695.0	16695.0	1.0	0.0	16695.0	16695.0	0.99999999999994	0.99999999999994	0.0	5.995204332975845e-14	0.99999999999994	0.9999999999999101
10K_lemuru15	0.3	127	1.0	0.0	1.0	16695.0	16695.0	16695.0	16695.0	23.72966	23.72966	23.72966	gb	1.0	0.0	16695.0	16695.0	1.0	0.0	16695.0	16695.0	1.0	0.0	16695.0	16695.0	0.99999999999994	0.99999999999994	0.0	5.995204332975845e-14	0.99999999999994	0.9999999999999101
10K_lemuru15	0.5	115	1.0	0.0	1.0	16695.0	16695.0	16695.0	16695.0	37.803981	37.803981	37.803981	gb	1.0	0.0	16695.0	16695.0	1.0	0.0	16695.0	16695.0	1.0	0.0	16695.0	16695.0	0.99999999999994	0.99999999999994	0.0	5.995204332975845e-14	0.99999999999994	0.9999999999999101
10K_lemuru15	0.5	115	1.0	0.0	1.0	16695.0	16695.0	16695.0	16695.0	37.803981	37.803981	37.803981	gb	1.0	0.0	16695.0	16695.0	1.0	0.0	16695.0	16695.0	1.0	0.0	16695.0	16695.0	0.99999999999994	0.99999999999994	0.0	5.995204332975845e-14	0.99999999999994	0.9999999999999101
10K_lemuru15	0.5	115	1.0	0.0	1.0	16695.0	16695.0	16695.0	16695.0	37.803981	37.803981	37.803981	gb	1.0	0.0	16695.0	16695.0	1.0	0.0	16695.0	16695.0	1.0	0.0	16695.0	16695.0	0.99999999999994	0.99999999999994	0.0	5.995204332975845e-14	0.99999999999994	0.9999999999999101
10K_lemuru15	0.5	127	1.0	0.0	1.0	16695.0	16695.0	16695.0	16695.0	24.718252	24.718252	24.718252	gb	1.0	0.0	16695.0	16695.0	1.0	0.0	16695.0	16695.0	1.0	0.0	16695.0	16695.0	0.99999999999994	0.99999999999994	0.0	5.995204332975845e-14	0.99999999999994	0.9999999999999101
10K_lemuru15	0.5	127	1.0	0.0	1.0	16695.0	16695.0	16695.0	16695.0	24.718252	24.718252	24.718252	gb	1.0	0.0	16695.0	16695.0	1.0	0.0	16695.0	16695.0	1.0	0.0	16695.0	16695.0	0.99999999999994	0.99999999999994	0.0	5.995204332975845e-14	0.99999999999994	0.9999999999999101
10K_lemuru15	0.5	127	1.0	0.0	1.0	16695.0	16695.0	16695.0	16695.0	24.718252	24.718252	24.718252	gb	1.0	0.0	16695.0	16695.0	1.0	0.0	16695.0	16695.0	1.0	0.0	16695.0	16695.0	0.99999999999994	0.99999999999994	0.0	5.995204332975845e-14	0.99999999999994	0.9999999999999101
10K_lemuru15	0.7	115	1.0	0.0	1.0	16695.0	16695.0	16695.0	16695.0	37.89807	37.89807	37.89807	gb	1.0	0.0	16695.0	16695.0	1.0	0.0	16695.0	16695.0	1.0	0.0	16695.0	16695.0	0.99999999999994	0.99999999999994	0.0	5.995204332975845e-14	0.99999999999994	0.9999999999999101
10K_lemuru15	0.7	115	1.0	0.0	1.0	16695.0	16695.0	16695.0	16695.0	37.89807	37.89807	37.89807	gb	1.0	0.0	16695.0	16695.0	1.0	0.0	16695.0	16695.0	1.0	0.0	16695.0	16695.0	0.99999999999994	0.99999999999994	0.0	5.995204332975845e-14	0.99999999999994	0.9999999999999101
10K_lemuru15	0.7	115	1.0	0.0	1.0	16695.0	16695.0	16695.0	16695.0	37.89807	37.89807	37.89807	gb	1.0	0.0	16695.0	16695.0	1.0	0.0	16695.0	16695.0	1.0	0.0	16695.0	16695.0	0.99999999999994	0.99999999999994	0.0	5.995204332975845e-14	0.99999999999994	0.9999999999999101
10K_lemuru15	0.7	127	1.0	0.0	1.0	16695.0	16695.0	16695.0	16695.0	24.770582	24.770582	24.770582	gb	1.0	0.0	16695.0	16695.0	1.0	0.0	16695.0	16695.0	1.0	0.0	16695.0	16695.0	0.99999999999994	0.99999999999994	0.0	5.995204332975845e-14	0.99999999999994	0.9999999999999101
10K_lemuru15	0.7	127	1.0	0.0	1.0	16695.0	16695.0	16695.0	16695.0	24.770582	24.770582	24.770582	gb	1.0	0.0	16695.0	16695.0	1.0	0.0	16695.0	16695.0	1.0	0.0	16695.0	16695.0	0.99999999999994	0.99999999999994	0.0	5.995204332975845e-14	0.99999999999994	0.9999999999999101
10K_lemuru15	0.7	127	1.0	0.0	1.0	16695.0	16695.0	16695.0	16695.0	24.770582	24.770582	24.770582	gb	1.0	0.0	16695.0	16695.0	1.0	0.0	16695.0	16695.0	1.0	0.0	16695.0	16695.0	0.99999999999994	0.99999999999994	0.0	5.995204332975845e-14	0.99999999999994	0.9999999999999101
10K_lemuru5	0.3	115	1.0	0.0	1.0	16615.0	16615.0	16615.0	16615.0	39.149879	39.149879	39.149879	gb	2.0	2.0	16754.0	16754.0	2.0	2.0	16766.0	16766.0	2.0	2.0	16754.0	16754.0	0.9917034737972429	0.9917034737972429	0.0	0.008296526202757115	0.9917034737972429	0.9875552106958643
10K_lemuru5	0.3	115	1.0	0.0	1.0	16615.0	16615.0	16615.0	16615.0	39.149879	39.149879	39.149879	gb	2.0	2.0	16754.0	16754.0	2.0	2.0	16766.0	16766.0	2.0	2.0	16754.0	16754.0	0.9917034737972429	0.9917034737972429	0.0	0.008296526202757115	0.9917034737972429	0.9875552106958643
10K_lemuru5	0.3	115	1.0	0.0	1.0	16615.0	16615.0	16615.0	16615.0	39.149879	39.149879	39.149879	gb	2.0	2.0	16754.0	16754.0	2.0	2.0	16766.0	16766.0	2.0	2.0	16754.0	16754.0	0.9917034737972429	0.9917034737972429	0.0	0.008296526202757115	0.9917034737972429	0.9875552106958643
10K_lemuru5	0.3	127	1.0	0.0	1.0	16615.0	16615.0	16615.0	16615.0	25.677098	25.677098	25.677098	gb	2.0	2.0	16766.0	16766.0	2.0	2.0	16766.0	16766.0	2.0	2.0	16766.0	16766.0	0.990993677680962	0.990993677680962	0.0	0.009006322319037974	0.990993677680962	0.986490516521443
10K_lemuru5	0.3	127	1.0	0.0	1.0	16615.0	16615.0	16615.0	16615.0	25.677098	25.677098	25.677098	gb	2.0	2.0	16766.0	16766.0	2.0	2.0	16766.0	16766.0	2.0	2.0	16766.0	16766.0	0.990993677680962	0.990993677680962	0.0	0.009006322319037974	0.990993677680962	0.986490516521443
10K_lemuru5	0.3	127	1.0	0.0	1.0	16615.0	16615.0	16615.0	16615.0	25.677098	25.677098	25.677098	gb	2.0	2.0	16766.0	16766.0	2.0	2.0	16766.0	16766.0	2.0	2.0	16766.0	16766.0	0.990993677680962	0.990993677680962	0.0	0.009006322319037974	0.990993677680962	0.986490516521443
10K_lemuru5	0.5	115	1.0	0.0	1.0	16615.0	16615.0	16615.0	16615.0	40.604848	40.604848	40.604848	gb	2.0	2.0	16754.0	16754.0	2.0	2.0	16766.0	16766.0	2.0	2.0	16754.0	16754.0	0.9917034737972429	0.9917034737972429	0.0	0.008296526202757115	0.9917034737972429	0.9875552106958643
10K_lemuru5	0.5	115	1.0	0.0	1.0	16615.0	16615.0	16615.0	16615.0	40.604848	40.604848	40.604848	gb	2.0	2.0	16754.0	16754.0	2.0	2.0	16766.0	16766.0	2.0	2.0	16754.0	16754.0	0.9917034737972429	0.9917034737972429	0.0	0.008296526202757115	0.9917034737972429	0.9875552106958643
10K_lemuru5	0.5	115	1.0	0.0	1.0	16615.0	16615.0	16615.0	16615.0	40.604848	40.604848	40.604848	gb	2.0	2.0	16754.0	16754.0	2.0	2.0	16766.0	16766.0	2.0	2.0	16754.0	16754.0	0.9917034737972429	0.9917034737972429	0.0	0.008296526202757115	0.9917034737972429	0.9875552106958643
10K_lemuru5	0.5	127	1.0	0.0	1.0	16615.0	16615.0	16615.0	16615.0	26.626941	26.626941	26.626941	gb	2.0	2.0	16766.0	16766.0	2.0	2.0	16766.0	16766.0	2.0	2.0	16766.0	16766.0	0.990993677680962	0.990993677680962	0.0	0.009006322319037974	0.990993677680962	0.986490516521443
10K_lemuru5	0.5	127	1.0	0.0	1.0	16615.0	16615.0	16615.0	16615.0	26.626941	26.626941	26.626941	gb	2.0	2.0	16766.0	16766.0	2.0	2.0	16766.0	16766.0	2.0	2.0	16766.0	16766.0	0.990993677680962	0.990993677680962	0.0	0.009006322319037974	0.990993677680962	0.986490516521443
10K_lemuru5	0.5	127	1.0	0.0	1.0	16615.0	16615.0	16615.0	16615.0	26.626941	26.626941	26.626941	gb	2.0	2.0	16766.0	16766.0	2.0	2.0	16766.0	16766.0	2.0	2.0	16766.0	16766.0	0.990993677680962	0.990993677680962	0.0	0.009006322319037974	0.990993677680962	0.986490516521443
10K_lemuru5	0.7	115	1.0	0.0	1.0	16615.0	16615.0	16615.0	16615.0	40.677091	40.677091	40.677091	gb	2.0	2.0	16754.0	16754.0	2.0	2.0	16766.0	16766.0	2.0	2.0	16754.0	16754.0	0.9917034737972429	0.9917034737972429	0.0	0.008296526202757115	0.9917034737972429	0.9875552106958643
10K_lemuru5	0.7	115	1.0	0.0	1.0	16615.0	16615.0	16615.0	16615.0	40.677091	40.677091	40.677091	gb	2.0	2.0	16754.0	16754.0	2.0	2.0	16766.0	16766.0	2.0	2.0	16754.0	16754.0	0.9917034737972429	0.9917034737972429	0.0	0.008296526202757115	0.9917034737972429	0.9875552106958643
10K_lemuru5	0.7	115	1.0	0.0	1.0	16615.0	16615.0	16615.0	16615.0	40.677091	40.677091	40.677091	gb	2.0	2.0	16754.0	16754.0	2.0	2.0	16766.0	16766.0	2.0	2.0	16754.0	16754.0	0.9917034737972429	0.9917034737972429	0.0	0.008296526202757115	0.9917034737972429	0.9875552106958643
10K_lemuru5	0.7	127	1.0	0.0	1.0	16615.0	16615.0	16615.0	16615.0	26.670973	26.670973	26.670973	gb	2.0	2.0	16766.0	16766.0	2.0	2.0	16766.0	16766.0	2.0	2.0	16766.0	16766.0	0.990993677680962	0.990993677680962	0.0	0.009006322319037974	0.990993677680962	0.986490516521443
10K_lemuru5	0.7	127	1.0	0.0	1.0	16615.0	16615.0	16615.0	16615.0	26.670973	26.670973	26.670973	gb	2.0	2.0	16766.0	16766.0	2.0	2.0	16766.0	16766.0	2.0	2.0	16766.0	16766.0	0.990993677680962	0.990993677680962	0.0	0.009006322319037974	0.990993677680962	0.986490516521443
10K_lemuru5	0.7	127	1.0	0.0	1.0	16615.0	16615.0	16615.0	16615.0	26.670973	26.670973	26.670973	gb	2.0	2.0	16766.0	16766.0	2.0	2.0	16766.0	16766.0	2.0	2.0	16766.0	16766.0	0.990993677680962	0.990993677680962	0.0	0.009006322319037974	0.990993677680962	0.986490516521443
10K_lemuru50	0.3	115	1.0	0.0	1.0	16703.0	16703.0	16703.0	16703.0	26.390644	26.390644	26.390644	gb	2.0	2.0	16439.0	16439.0	1.0	0.0	16758.0	16758.0	2.0	2.0	16439.0	16439.0	1.016059371007907	1.016059371007907	0.0	0.01605937100790711	1.016059371007907	1.0080296855039537
10K_lemuru50	0.3	115	1.0	0.0	1.0	16703.0	16703.0	16703.0	16703.0	26.390644	26.390644	26.390644	gb	2.0	2.0	16439.0	16439.0	1.0	0.0	16758.0	16758.0	2.0	2.0	16439.0	16439.0	1.016059371007907	1.016059371007907	0.0	0.01605937100790711	1.016059371007907	1.0080296855039537
10K_lemuru50	0.3	115	1.0	0.0	1.0	16703.0	16703.0	16703.0	16703.0	26.390644	26.390644	26.390644	gb	2.0	2.0	16439.0	16439.0	1.0	0.0	16758.0	16758.0	2.0	2.0	16439.0	16439.0	1.016059371007907	1.016059371007907	0.0	0.01605937100790711	1.016059371007907	1.0080296855039537
10K_lemuru50	0.3	127	1.0	0.0	1.0	16703.0	16703.0	16703.0	16703.0	17.101834	17.101834	17.101834	gb	1.0	0.0	16758.0	16758.0	1.0	0.0	16758.0	16758.0	1.0	0.0	16758.0	16758.0	0.9967179854397304	0.9967179854397304	0.0	0.0032820145602695527	0.9967179854397304	0.9950769781595956
10K_lemuru50	0.3	127	1.0	0.0	1.0	16703.0	16703.0	16703.0	16703.0	17.101834	17.101834	17.101834	gb	1.0	0.0	16758.0	16758.0	1.0	0.0	16758.0	16758.0	1.0	0.0	16758.0	16758.0	0.9967179854397304	0.9967179854397304	0.0	0.0032820145602695527	0.9967179854397304	0.9950769781595956
10K_lemuru50	0.3	127	1.0	0.0	1.0	16703.0	16703.0	16703.0	16703.0	17.101834	17.101834	17.101834	gb	1.0	0.0	16758.0	16758.0	1.0	0.0	16758.0	16758.0	1.0	0.0	16758.0	16758.0	0.9967179854397304	0.9967179854397304	0.0	0.0032820145602695527	0.9967179854397304	0.9950769781595956
10K_lemuru50	0.5	115	1.0	0.0	1.0	16738.0	16738.0	16738.0	16738.0	28.517476	28.517476	28.517476	gb	2.0	2.0	16439.0	16439.0	1.0	0.0	16758.0	16758.0	2.0	2.0	16439.0	16439.0	1.0181884542854784	1.0181884542854784	0.0	0.01818845428547844	1.0181884542854784	1.0090942271427392
10K_lemuru50	0.5	115	1.0	0.0	1.0	16738.0	16738.0	16738.0	16738.0	28.517476	28.517476	28.517476	gb	2.0	2.0	16439.0	16439.0	1.0	0.0	16758.0	16758.0	2.0	2.0	16439.0	16439.0	1.0181884542854784	1.0181884542854784	0.0	0.01818845428547844	1.0181884542854784	1.0090942271427392
10K_lemuru50	0.5	115	1.0	0.0	1.0	16738.0	16738.0	16738.0	16738.0	28.517476	28.517476	28.517476	gb	2.0	2.0	16439.0	16439.0	1.0	0.0	16758.0	16758.0	2.0	2.0	16439.0	16439.0	1.0181884542854784	1.0181884542854784	0.0	0.01818845428547844	1.0181884542854784	1.0090942271427392
10K_lemuru50	0.5	127	1.0	0.0	1.0	16738.0	16738.0	16738.0	16738.0	18.439889	18.439889	18.439889	gb	1.0	0.0	16758.0	16758.0	1.0	0.0	16758.0	16758.0	1.0	0.0	16758.0	16758.0	0.998806540159864	0.998806540159864	0.0	0.0011934598401359686	0.998806540159864	0.998209810239796
10K_lemuru50	0.5	127	1.0	0.0	1.0	16738.0	16738.0	16738.0	16738.0	18.439889	18.439889	18.439889	gb	1.0	0.0	16758.0	16758.0	1.0	0.0	16758.0	16758.0	1.0	0.0	16758.0	16758.0	0.998806540159864	0.998806540159864	0.0	0.0011934598401359686	0.998806540159864	0.998209810239796
10K_lemuru50	0.5	127	1.0	0.0	1.0	16738.0	16738.0	16738.0	16738.0	18.439889	18.439889	18.439889	gb	1.0	0.0	16758.0	16758.0	1.0	0.0	16758.0	16758.0	1.0	0.0	16758.0	16758.0	0.998806540159864	0.998806540159864	0.0	0.0011934598401359686	0.998806540159864	0.998209810239796
10K_lemuru50	0.7	115	1.0	0.0	1.0	16738.0	16738.0	16738.0	16738.0	28.928894	28.928894	28.928894	gb	2.0	2.0	16439.0	16439.0	1.0	0.0	16758.0	16758.0	2.0	2.0	16439.0	16439.0	1.0181884542854784	1.0181884542854784	0.0	0.01818845428547844	1.0181884542854784	1.0090942271427392
10K_lemuru50	0.7	115	1.0	0.0	1.0	16738.0	16738.0	16738.0	16738.0	28.928894	28.928894	28.928894	gb	2.0	2.0	16439.0	16439.0	1.0	0.0	16758.0	16758.0	2.0	2.0	16439.0	16439.0	1.0181884542854784	1.0181884542854784	0.0	0.01818845428547844	1.0181884542854784	1.0090942271427392
10K_lemuru50	0.7	115	1.0	0.0	1.0	16738.0	16738.0	16738.0	16738.0	28.928894	28.928894	28.928894	gb	2.0	2.0	16439.0	16439.0	1.0	0.0	16758.0	16758.0	2.0	2.0	16439.0	16439.0	1.0181884542854784	1.0181884542854784	0.0	0.01818845428547844	1.0181884542854784	1.0090942271427392
10K_lemuru50	0.7	127	1.0	0.0	1.0	16738.0	16738.0	16738.0	16738.0	18.670459	18.670459	18.670459	gb	1.0	0.0	16758.0	16758.0	1.0	0.0	16758.0	16758.0	1.0	0.0	16758.0	16758.0	0.998806540159864	0.998806540159864	0.0	0.0011934598401359686	0.998806540159864	0.998209810239796
10K_lemuru50	0.7	127	1.0	0.0	1.0	16738.0	16738.0	16738.0	16738.0	18.670459	18.670459	18.670459	gb	1.0	0.0	16758.0	16758.0	1.0	0.0	16758.0	16758.0	1.0	0.0	16758.0	16758.0	0.998806540159864	0.998806540159864	0.0	0.0011934598401359686	0.998806540159864	0.998209810239796
10K_lemuru50	0.7	127	1.0	0.0	1.0	16738.0	16738.0	16738.0	16738.0	18.670459	18.670459	18.670459	gb	1.0	0.0	16758.0	16758.0	1.0	0.0	16758.0	16758.0	1.0	0.0	16758.0	16758.0	0.998806540159864	0.998806540159864	0.0	0.0011934598401359686	0.998806540159864	0.998209810239796
3200_lemuru10	0.3	115	1.0	0.0	1.0	16669.0	16669.0	16669.0	16669.0	11.189501	11.189501	11.189501	gb	1.0	0.0	16669.0	16669.0	1.0	0.0	16669.0	16669.0	1.0	0.0	16669.0	16669.0	0.9999999999999399	0.9999999999999399	0.0	6.006306563222097e-14	0.9999999999999399	0.9999999999999098
3200_lemuru10	0.3	115	1.0	0.0	1.0	16669.0	16669.0	16669.0	16669.0	11.189501	11.189501	11.189501	gb	1.0	0.0	16669.0	16669.0	1.0	0.0	16669.0	16669.0	1.0	0.0	16669.0	16669.0	0.9999999999999399	0.9999999999999399	0.0	6.006306563222097e-14	0.9999999999999399	0.9999999999999098
3200_lemuru10	0.3	115	1.0	0.0	1.0	16669.0	16669.0	16669.0	16669.0	11.189501	11.189501	11.189501	gb	1.0	0.0	16669.0	16669.0	1.0	0.0	16669.0	16669.0	1.0	0.0	16669.0	16669.0	0.9999999999999399	0.9999999999999399	0.0	6.006306563222097e-14	0.9999999999999399	0.9999999999999098
3200_lemuru10	0.3	127	1.0	0.0	1.0	16669.0	16669.0	16669.0	16669.0	7.251602	7.251602	7.251602	gb	1.0	0.0	16669.0	16669.0	1.0	0.0	16669.0	16669.0	1.0	0.0	16669.0	16669.0	0.9999999999999399	0.9999999999999399	0.0	6.006306563222097e-14	0.9999999999999399	0.9999999999999098
3200_lemuru10	0.3	127	1.0	0.0	1.0	16669.0	16669.0	16669.0	16669.0	7.251602	7.251602	7.251602	gb	1.0	0.0	16669.0	16669.0	1.0	0.0	16669.0	16669.0	1.0	0.0	16669.0	16669.0	0.9999999999999399	0.9999999999999399	0.0	6.006306563222097e-14	0.9999999999999399	0.9999999999999098
3200_lemuru10	0.3	127	1.0	0.0	1.0	16669.0	16669.0	16669.0	16669.0	7.251602	7.251602	7.251602	gb	1.0	0.0	16669.0	16669.0	1.0	0.0	16669.0	16669.0	1.0	0.0	16669.0	16669.0	0.9999999999999399	0.9999999999999399	0.0	6.006306563222097e-14	0.9999999999999399	0.9999999999999098
3200_lemuru10	0.5	115	1.0	0.0	1.0	16669.0	16669.0	16669.0	16669.0	12.074725	12.074725	12.074725	gb	1.0	0.0	16669.0	16669.0	1.0	0.0	16669.0	16669.0	1.0	0.0	16669.0	16669.0	0.9999999999999399	0.9999999999999399	0.0	6.006306563222097e-14	0.9999999999999399	0.9999999999999098
3200_lemuru10	0.5	115	1.0	0.0	1.0	16669.0	16669.0	16669.0	16669.0	12.074725	12.074725	12.074725	gb	1.0	0.0	16669.0	16669.0	1.0	0.0	16669.0	16669.0	1.0	0.0	16669.0	16669.0	0.9999999999999399	0.9999999999999399	0.0	6.006306563222097e-14	0.9999999999999399	0.9999999999999098
3200_lemuru10	0.5	115	1.0	0.0	1.0	16669.0	16669.0	16669.0	16669.0	12.074725	12.074725	12.074725	gb	1.0	0.0	16669.0	16669.0	1.0	0.0	16669.0	16669.0	1.0	0.0	16669.0	16669.0	0.9999999999999399	0.9999999999999399	0.0	6.006306563222097e-14	0.9999999999999399	0.9999999999999098
3200_lemuru10	0.5	127	1.0	0.0	1.0	16669.0	16669.0	16669.0	16669.0	7.857816	7.857816	7.857816	gb	1.0	0.0	16669.0	16669.0	1.0	0.0	16669.0	16669.0	1.0	0.0	16669.0	16669.0	0.9999999999999399	0.9999999999999399	0.0	6.006306563222097e-14	0.9999999999999399	0.9999999999999098
3200_lemuru10	0.5	127	1.0	0.0	1.0	16669.0	16669.0	16669.0	16669.0	7.857816	7.857816	7.857816	gb	1.0	0.0	16669.0	16669.0	1.0	0.0	16669.0	16669.0	1.0	0.0	16669.0	16669.0	0.9999999999999399	0.9999999999999399	0.0	6.006306563222097e-14	0.9999999999999399	0.9999999999999098
3200_lemuru10	0.5	127	1.0	0.0	1.0	16669.0	16669.0	16669.0	16669.0	7.857816	7.857816	7.857816	gb	1.0	0.0	16669.0	16669.0	1.0	0.0	16669.0	16669.0	1.0	0.0	16669.0	16669.0	0.9999999999999399	0.9999999999999399	0.0	6.006306563222097e-14	0.9999999999999399	0.9999999999999098
3200_lemuru10	0.7	115	1.0	0.0	1.0	16669.0	16669.0	16669.0	16669.0	12.23813	12.23813	12.23813	gb	1.0	0.0	16669.0	16669.0	1.0	0.0	16669.0	16669.0	1.0	0.0	16669.0	16669.0	0.9999999999999399	0.9999999999999399	0.0	6.006306563222097e-14	0.9999999999999399	0.9999999999999098
3200_lemuru10	0.7	115	1.0	0.0	1.0	16669.0	16669.0	16669.0	16669.0	12.23813	12.23813	12.23813	gb	1.0	0.0	16669.0	16669.0	1.0	0.0	16669.0	16669.0	1.0	0.0	16669.0	16669.0	0.9999999999999399	0.9999999999999399	0.0	6.006306563222097e-14	0.9999999999999399	0.9999999999999098
3200_lemuru10	0.7	115	1.0	0.0	1.0	16669.0	16669.0	16669.0	16669.0	12.23813	12.23813	12.23813	gb	1.0	0.0	16669.0	16669.0	1.0	0.0	16669.0	16669.0	1.0	0.0	16669.0	16669.0	0.9999999999999399	0.9999999999999399	0.0	6.006306563222097e-14	0.9999999999999399	0.9999999999999098
3200_lemuru10	0.7	127	1.0	0.0	1.0	16669.0	16669.0	16669.0	16669.0	7.977572	7.977572	7.977572	gb	1.0	0.0	16669.0	16669.0	1.0	0.0	16669.0	16669.0	1.0	0.0	16669.0	16669.0	0.9999999999999399	0.9999999999999399	0.0	6.006306563222097e-14	0.9999999999999399	0.9999999999999098
3200_lemuru10	0.7	127	1.0	0.0	1.0	16669.0	16669.0	16669.0	16669.0	7.977572	7.977572	7.977572	gb	1.0	0.0	16669.0	16669.0	1.0	0.0	16669.0	16669.0	1.0	0.0	16669.0	16669.0	0.9999999999999399	0.9999999999999399	0.0	6.006306563222097e-14	0.9999999999999399	0.9999999999999098
3200_lemuru10	0.7	127	1.0	0.0	1.0	16669.0	16669.0	16669.0	16669.0	7.977572	7.977572	7.977572	gb	1.0	0.0	16669.0	16669.0	1.0	0.0	16669.0	16669.0	1.0	0.0	16669.0	16669.0	0.9999999999999399	0.9999999999999399	0.0	6.006306563222097e-14	0.9999999999999399	0.9999999999999098
3200_lemuru15	0.3	115	1.0	0.0	1.0	16617.0	16617.0	16617.0	16617.0	11.394437	11.394437	11.394437	gb	1.0	0.0	16617.0	16617.0	1.0	0.0	16617.0	16617.0	1.0	0.0	16617.0	16617.0	0.9999999999999398	0.9999999999999398	0.0	6.017408793468348e-14	0.9999999999999398	0.9999999999999097
3200_lemuru15	0.3	115	1.0	0.0	1.0	16617.0	16617.0	16617.0	16617.0	11.394437	11.394437	11.394437	gb	1.0	0.0	16617.0	16617.0	1.0	0.0	16617.0	16617.0	1.0	0.0	16617.0	16617.0	0.9999999999999398	0.9999999999999398	0.0	6.017408793468348e-14	0.9999999999999398	0.9999999999999097
3200_lemuru15	0.3	115	1.0	0.0	1.0	16617.0	16617.0	16617.0	16617.0	11.394437	11.394437	11.394437	gb	1.0	0.0	16617.0	16617.0	1.0	0.0	16617.0	16617.0	1.0	0.0	16617.0	16617.0	0.9999999999999398	0.9999999999999398	0.0	6.017408793468348e-14	0.9999999999999398	0.9999999999999097
3200_lemuru15	0.3	127	1.0	0.0	1.0	16617.0	16617.0	16617.0	16617.0	7.438933	7.438933	7.438933	gb	1.0	0.0	16617.0	16617.0	1.0	0.0	16617.0	16617.0	1.0	0.0	16617.0	16617.0	0.9999999999999398	0.9999999999999398	0.0	6.017408793468348e-14	0.9999999999999398	0.9999999999999097
3200_lemuru15	0.3	127	1.0	0.0	1.0	16617.0	16617.0	16617.0	16617.0	7.438933	7.438933	7.438933	gb	1.0	0.0	16617.0	16617.0	1.0	0.0	16617.0	16617.0	1.0	0.0	16617.0	16617.0	0.9999999999999398	0.9999999999999398	0.0	6.017408793468348e-14	0.9999999999999398	0.9999999999999097
3200_lemuru15	0.3	127	1.0	0.0	1.0	16617.0	16617.0	16617.0	16617.0	7.438933	7.438933	7.438933	gb	1.0	0.0	16617.0	16617.0	1.0	0.0	16617.0	16617.0	1.0	0.0	16617.0	16617.0	0.9999999999999398	0.9999999999999398	0.0	6.017408793468348e-14	0.9999999999999398	0.9999999999999097
3200_lemuru15	0.5	115	1.0	0.0	1.0	16617.0	16617.0	16617.0	16617.0	11.943764	11.943764	11.943764	gb	1.0	0.0	16617.0	16617.0	1.0	0.0	16617.0	16617.0	1.0	0.0	16617.0	16617.0	0.9999999999999398	0.9999999999999398	0.0	6.017408793468348e-14	0.9999999999999398	0.9999999999999097
3200_lemuru15	0.5	115	1.0	0.0	1.0	16617.0	16617.0	16617.0	16617.0	11.943764	11.943764	11.943764	gb	1.0	0.0	16617.0	16617.0	1.0	0.0	16617.0	16617.0	1.0	0.0	16617.0	16617.0	0.9999999999999398	0.9999999999999398	0.0	6.017408793468348e-14	0.9999999999999398	0.9999999999999097
3200_lemuru15	0.5	115	1.0	0.0	1.0	16617.0	16617.0	16617.0	16617.0	11.943764	11.943764	11.943764	gb	1.0	0.0	16617.0	16617.0	1.0	0.0	16617.0	16617.0	1.0	0.0	16617.0	16617.0	0.9999999999999398	0.9999999999999398	0.0	6.017408793468348e-14	0.9999999999999398	0.9999999999999097
3200_lemuru15	0.5	127	1.0	0.0	1.0	16617.0	16617.0	16617.0	16617.0	7.798969	7.798969	7.798969	gb	1.0	0.0	16617.0	16617.0	1.0	0.0	16617.0	16617.0	1.0	0.0	16617.0	16617.0	0.9999999999999398	0.9999999999999398	0.0	6.017408793468348e-14	0.9999999999999398	0.9999999999999097
3200_lemuru15	0.5	127	1.0	0.0	1.0	16617.0	16617.0	16617.0	16617.0	7.798969	7.798969	7.798969	gb	1.0	0.0	16617.0	16617.0	1.0	0.0	16617.0	16617.0	1.0	0.0	16617.0	16617.0	0.9999999999999398	0.9999999999999398	0.0	6.017408793468348e-14	0.9999999999999398	0.9999999999999097
3200_lemuru15	0.5	127	1.0	0.0	1.0	16617.0	16617.0	16617.0	16617.0	7.798969	7.798969	7.798969	gb	1.0	0.0	16617.0	16617.0	1.0	0.0	16617.0	16617.0	1.0	0.0	16617.0	16617.0	0.9999999999999398	0.9999999999999398	0.0	6.017408793468348e-14	0.9999999999999398	0.9999999999999097
3200_lemuru15	0.7	115	1.0	0.0	1.0	16617.0	16617.0	16617.0	16617.0	11.979215	11.979215	11.979215	gb	1.0	0.0	16617.0	16617.0	1.0	0.0	16617.0	16617.0	1.0	0.0	16617.0	16617.0	0.9999999999999398	0.9999999999999398	0.0	6.017408793468348e-14	0.9999999999999398	0.9999999999999097
3200_lemuru15	0.7	115	1.0	0.0	1.0	16617.0	16617.0	16617.0	16617.0	11.979215	11.979215	11.979215	gb	1.0	0.0	16617.0	16617.0	1.0	0.0	16617.0	16617.0	1.0	0.0	16617.0	16617.0	0.9999999999999398	0.9999999999999398	0.0	6.017408793468348e-14	0.9999999999999398	0.9999999999999097
3200_lemuru15	0.7	115	1.0	0.0	1.0	16617.0	16617.0	16617.0	16617.0	11.979215	11.979215	11.979215	gb	1.0	0.0	16617.0	16617.0	1.0	0.0	16617.0	16617.0	1.0	0.0	16617.0	16617.0	0.9999999999999398	0.9999999999999398	0.0	6.017408793468348e-14	0.9999999999999398	0.9999999999999097
3200_lemuru15	0.7	127	1.0	0.0	1.0	16617.0	16617.0	16617.0	16617.0	7.820133	7.820133	7.820133	gb	1.0	0.0	16617.0	16617.0	1.0	0.0	16617.0	16617.0	1.0	0.0	16617.0	16617.0	0.9999999999999398	0.9999999999999398	0.0	6.017408793468348e-14	0.9999999999999398	0.9999999999999097
3200_lemuru15	0.7	127	1.0	0.0	1.0	16617.0	16617.0	16617.0	16617.0	7.820133	7.820133	7.820133	gb	1.0	0.0	16617.0	16617.0	1.0	0.0	16617.0	16617.0	1.0	0.0	16617.0	16617.0	0.9999999999999398	0.9999999999999398	0.0	6.017408793468348e-14	0.9999999999999398	0.9999999999999097
3200_lemuru15	0.7	127	1.0	0.0	1.0	16617.0	16617.0	16617.0	16617.0	7.820133	7.820133	7.820133	gb	1.0	0.0	16617.0	16617.0	1.0	0.0	16617.0	16617.0	1.0	0.0	16617.0	16617.0	0.9999999999999398	0.9999999999999398	0.0	6.017408793468348e-14	0.9999999999999398	0.9999999999999097
3200_lemuru5	0.3	-1	1.0	0.0	1.0	16594.0	16594.0	16594.0	16594.0	7.177749	7.177749	7.177749	gb	1.0	0.0	16605.0	16605.0	1.0	0.0	16605.0	16605.0	1.0	0.0	16605.0	16605.0	0.9993375489309847	0.9993375489309847	0.0	0.0006624510690153018	0.9993375489309847	0.999006323396477
3200_lemuru5	0.3	115	1.0	0.0	1.0	16594.0	16594.0	16594.0	16594.0	11.092603	11.092603	11.092603	gb	1.0	0.0	16605.0	16605.0	1.0	0.0	16605.0	16605.0	1.0	0.0	16605.0	16605.0	0.9993375489309847	0.9993375489309847	0.0	0.0006624510690153018	0.9993375489309847	0.999006323396477
3200_lemuru5	0.3	115	1.0	0.0	1.0	16594.0	16594.0	16594.0	16594.0	11.092603	11.092603	11.092603	gb	1.0	0.0	16605.0	16605.0	1.0	0.0	16605.0	16605.0	1.0	0.0	16605.0	16605.0	0.9993375489309847	0.9993375489309847	0.0	0.0006624510690153018	0.9993375489309847	0.999006323396477
3200_lemuru5	0.3	115	1.0	0.0	1.0	16594.0	16594.0	16594.0	16594.0	11.092603	11.092603	11.092603	gb	1.0	0.0	16605.0	16605.0	1.0	0.0	16605.0	16605.0	1.0	0.0	16605.0	16605.0	0.9993375489309847	0.9993375489309847	0.0	0.0006624510690153018	0.9993375489309847	0.999006323396477
3200_lemuru5	0.3	127	1.0	0.0	1.0	16594.0	16594.0	16594.0	16594.0	7.177749	7.177749	7.177749	gb	1.0	0.0	16605.0	16605.0	1.0	0.0	16605.0	16605.0	1.0	0.0	16605.0	16605.0	0.9993375489309847	0.9993375489309847	0.0	0.0006624510690153018	0.9993375489309847	0.999006323396477
3200_lemuru5	0.3	127	1.0	0.0	1.0	16594.0	16594.0	16594.0	16594.0	7.177749	7.177749	7.177749	gb	1.0	0.0	16605.0	16605.0	1.0	0.0	16605.0	16605.0	1.0	0.0	16605.0	16605.0	0.9993375489309847	0.9993375489309847	0.0	0.0006624510690153018	0.9993375489309847	0.999006323396477
3200_lemuru5	0.3	127	1.0	0.0	1.0	16594.0	16594.0	16594.0	16594.0	7.177749	7.177749	7.177749	gb	1.0	0.0	16605.0	16605.0	1.0	0.0	16605.0	16605.0	1.0	0.0	16605.0	16605.0	0.9993375489309847	0.9993375489309847	0.0	0.0006624510690153018	0.9993375489309847	0.999006323396477
3200_lemuru5	0.5	115	1.0	0.0	1.0	16594.0	16594.0	16594.0	16594.0	11.942351	11.942351	11.942351	gb	1.0	0.0	16605.0	16605.0	1.0	0.0	16605.0	16605.0	1.0	0.0	16605.0	16605.0	0.9993375489309847	0.9993375489309847	0.0	0.0006624510690153018	0.9993375489309847	0.999006323396477
3200_lemuru5	0.5	115	1.0	0.0	1.0	16594.0	16594.0	16594.0	16594.0	11.942351	11.942351	11.942351	gb	1.0	0.0	16605.0	16605.0	1.0	0.0	16605.0	16605.0	1.0	0.0	16605.0	16605.0	0.9993375489309847	0.9993375489309847	0.0	0.0006624510690153018	0.9993375489309847	0.999006323396477
3200_lemuru5	0.5	115	1.0	0.0	1.0	16594.0	16594.0	16594.0	16594.0	11.942351	11.942351	11.942351	gb	1.0	0.0	16605.0	16605.0	1.0	0.0	16605.0	16605.0	1.0	0.0	16605.0	16605.0	0.9993375489309847	0.9993375489309847	0.0	0.0006624510690153018	0.9993375489309847	0.999006323396477
3200_lemuru5	0.5	127	1.0	0.0	1.0	16594.0	16594.0	16594.0	16594.0	7.753871	7.753871	7.753871	gb	1.0	0.0	16605.0	16605.0	1.0	0.0	16605.0	16605.0	1.0	0.0	16605.0	16605.0	0.9993375489309847	0.9993375489309847	0.0	0.0006624510690153018	0.9993375489309847	0.999006323396477
3200_lemuru5	0.5	127	1.0	0.0	1.0	16594.0	16594.0	16594.0	16594.0	7.753871	7.753871	7.753871	gb	1.0	0.0	16605.0	16605.0	1.0	0.0	16605.0	16605.0	1.0	0.0	16605.0	16605.0	0.9993375489309847	0.9993375489309847	0.0	0.0006624510690153018	0.9993375489309847	0.999006323396477
3200_lemuru5	0.5	127	1.0	0.0	1.0	16594.0	16594.0	16594.0	16594.0	7.753871	7.753871	7.753871	gb	1.0	0.0	16605.0	16605.0	1.0	0.0	16605.0	16605.0	1.0	0.0	16605.0	16605.0	0.9993375489309847	0.9993375489309847	0.0	0.0006624510690153018	0.9993375489309847	0.999006323396477
3200_lemuru5	0.7	115	1.0	0.0	1.0	16594.0	16594.0	16594.0	16594.0	12.065052	12.065052	12.065052	gb	1.0	0.0	16605.0	16605.0	1.0	0.0	16605.0	16605.0	1.0	0.0	16605.0	16605.0	0.9993375489309847	0.9993375489309847	0.0	0.0006624510690153018	0.9993375489309847	0.999006323396477
3200_lemuru5	0.7	115	1.0	0.0	1.0	16594.0	16594.0	16594.0	16594.0	12.065052	12.065052	12.065052	gb	1.0	0.0	16605.0	16605.0	1.0	0.0	16605.0	16605.0	1.0	0.0	16605.0	16605.0	0.9993375489309847	0.9993375489309847	0.0	0.0006624510690153018	0.9993375489309847	0.999006323396477
3200_lemuru5	0.7	115	1.0	0.0	1.0	16594.0	16594.0	16594.0	16594.0	12.065052	12.065052	12.065052	gb	1.0	0.0	16605.0	16605.0	1.0	0.0	16605.0	16605.0	1.0	0.0	16605.0	16605.0	0.9993375489309847	0.9993375489309847	0.0	0.0006624510690153018	0.9993375489309847	0.999006323396477
3200_lemuru5	0.7	127	1.0	0.0	1.0	16594.0	16594.0	16594.0	16594.0	7.84223	7.84223	7.84223	gb	1.0	0.0	16605.0	16605.0	1.0	0.0	16605.0	16605.0	1.0	0.0	16605.0	16605.0	0.9993375489309847	0.9993375489309847	0.0	0.0006624510690153018	0.9993375489309847	0.999006323396477
3200_lemuru5	0.7	127	1.0	0.0	1.0	16594.0	16594.0	16594.0	16594.0	7.84223	7.84223	7.84223	gb	1.0	0.0	16605.0	16605.0	1.0	0.0	16605.0	16605.0	1.0	0.0	16605.0	16605.0	0.9993375489309847	0.9993375489309847	0.0	0.0006624510690153018	0.9993375489309847	0.999006323396477
3200_lemuru5	0.7	127	1.0	0.0	1.0	16594.0	16594.0	16594.0	16594.0	7.84223	7.84223	7.84223	gb	1.0	0.0	16605.0	16605.0	1.0	0.0	16605.0	16605.0	1.0	0.0	16605.0	16605.0	0.9993375489309847	0.9993375489309847	0.0	0.0006624510690153018	0.9993375489309847	0.999006323396477
3200_lemuru50	0.3	115	1.0	0.0	1.0	16666.0	16666.0	16666.0	16666.0	8.577307	8.577307	8.577307	gb	1.0	0.0	16657.0	16657.0	1.0	0.0	16635.0	16635.0	1.0	0.0	16657.0	16657.0	1.0005403133817012	1.0005403133817012	0.0	0.0005403133817012407	1.0005403133817012	1.0002701566908505
3200_lemuru50	0.3	115	1.0	0.0	1.0	16666.0	16666.0	16666.0	16666.0	8.577307	8.577307	8.577307	gb	1.0	0.0	16657.0	16657.0	1.0	0.0	16635.0	16635.0	1.0	0.0	16657.0	16657.0	1.0005403133817012	1.0005403133817012	0.0	0.0005403133817012407	1.0005403133817012	1.0002701566908505
3200_lemuru50	0.3	115	1.0	0.0	1.0	16666.0	16666.0	16666.0	16666.0	8.577307	8.577307	8.577307	gb	1.0	0.0	16657.0	16657.0	1.0	0.0	16635.0	16635.0	1.0	0.0	16657.0	16657.0	1.0005403133817012	1.0005403133817012	0.0	0.0005403133817012407	1.0005403133817012	1.0002701566908505
3200_lemuru50	0.3	127	1.0	0.0	1.0	16666.0	16666.0	16666.0	16666.0	5.559103	5.559103	5.559103	gb	1.0	0.0	16635.0	16635.0	1.0	0.0	16635.0	16635.0	1.0	0.0	16635.0	16635.0	1.0018635407273218	1.0018635407273218	0.0	0.0018635407273217552	1.0018635407273218	1.0009317703636609
3200_lemuru50	0.3	127	1.0	0.0	1.0	16666.0	16666.0	16666.0	16666.0	5.559103	5.559103	5.559103	gb	1.0	0.0	16635.0	16635.0	1.0	0.0	16635.0	16635.0	1.0	0.0	16635.0	16635.0	1.0018635407273218	1.0018635407273218	0.0	0.0018635407273217552	1.0018635407273218	1.0009317703636609
3200_lemuru50	0.3	127	1.0	0.0	1.0	16666.0	16666.0	16666.0	16666.0	5.559103	5.559103	5.559103	gb	1.0	0.0	16635.0	16635.0	1.0	0.0	16635.0	16635.0	1.0	0.0	16635.0	16635.0	1.0018635407273218	1.0018635407273218	0.0	0.0018635407273217552	1.0018635407273218	1.0009317703636609
3200_lemuru50	0.5	115	1.0	0.0	1.0	16666.0	16666.0	16666.0	16666.0	9.389705	9.389705	9.389705	gb	1.0	0.0	16657.0	16657.0	1.0	0.0	16635.0	16635.0	1.0	0.0	16657.0	16657.0	1.0005403133817012	1.0005403133817012	0.0	0.0005403133817012407	1.0005403133817012	1.0002701566908505
3200_lemuru50	0.5	115	1.0	0.0	1.0	16666.0	16666.0	16666.0	16666.0	9.389705	9.389705	9.389705	gb	1.0	0.0	16657.0	16657.0	1.0	0.0	16635.0	16635.0	1.0	0.0	16657.0	16657.0	1.0005403133817012	1.0005403133817012	0.0	0.0005403133817012407	1.0005403133817012	1.0002701566908505
3200_lemuru50	0.5	115	1.0	0.0	1.0	16666.0	16666.0	16666.0	16666.0	9.389705	9.389705	9.389705	gb	1.0	0.0	16657.0	16657.0	1.0	0.0	16635.0	16635.0	1.0	0.0	16657.0	16657.0	1.0005403133817012	1.0005403133817012	0.0	0.0005403133817012407	1.0005403133817012	1.0002701566908505
3200_lemuru50	0.5	127	1.0	0.0	1.0	16666.0	16666.0	16666.0	16666.0	6.076486	6.076486	6.076486	gb	1.0	0.0	16635.0	16635.0	1.0	0.0	16635.0	16635.0	1.0	0.0	16635.0	16635.0	1.0018635407273218	1.0018635407273218	0.0	0.0018635407273217552	1.0018635407273218	1.0009317703636609
3200_lemuru50	0.5	127	1.0	0.0	1.0	16666.0	16666.0	16666.0	16666.0	6.076486	6.076486	6.076486	gb	1.0	0.0	16635.0	16635.0	1.0	0.0	16635.0	16635.0	1.0	0.0	16635.0	16635.0	1.0018635407273218	1.0018635407273218	0.0	0.0018635407273217552	1.0018635407273218	1.0009317703636609
3200_lemuru50	0.5	127	1.0	0.0	1.0	16666.0	16666.0	16666.0	16666.0	6.076486	6.076486	6.076486	gb	1.0	0.0	16635.0	16635.0	1.0	0.0	16635.0	16635.0	1.0	0.0	16635.0	16635.0	1.0018635407273218	1.0018635407273218	0.0	0.0018635407273217552	1.0018635407273218	1.0009317703636609
3200_lemuru50	0.7	115	1.0	0.0	1.0	16666.0	16666.0	16666.0	16666.0	9.475923	9.475923	9.475923	gb	1.0	0.0	16657.0	16657.0	1.0	0.0	16635.0	16635.0	1.0	0.0	16657.0	16657.0	1.0005403133817012	1.0005403133817012	0.0	0.0005403133817012407	1.0005403133817012	1.0002701566908505
3200_lemuru50	0.7	115	1.0	0.0	1.0	16666.0	16666.0	16666.0	16666.0	9.475923	9.475923	9.475923	gb	1.0	0.0	16657.0	16657.0	1.0	0.0	16635.0	16635.0	1.0	0.0	16657.0	16657.0	1.0005403133817012	1.0005403133817012	0.0	0.0005403133817012407	1.0005403133817012	1.0002701566908505
3200_lemuru50	0.7	115	1.0	0.0	1.0	16666.0	16666.0	16666.0	16666.0	9.475923	9.475923	9.475923	gb	1.0	0.0	16657.0	16657.0	1.0	0.0	16635.0	16635.0	1.0	0.0	16657.0	16657.0	1.0005403133817012	1.0005403133817012	0.0	0.0005403133817012407	1.0005403133817012	1.0002701566908505
3200_lemuru50	0.7	127	1.0	0.0	1.0	16666.0	16666.0	16666.0	16666.0	6.123043	6.123043	6.123043	gb	1.0	0.0	16635.0	16635.0	1.0	0.0	16635.0	16635.0	1.0	0.0	16635.0	16635.0	1.0018635407273218	1.0018635407273218	0.0	0.0018635407273217552	1.0018635407273218	1.0009317703636609
3200_lemuru50	0.7	127	1.0	0.0	1.0	16666.0	16666.0	16666.0	16666.0	6.123043	6.123043	6.123043	gb	1.0	0.0	16635.0	16635.0	1.0	0.0	16635.0	16635.0	1.0	0.0	16635.0	16635.0	1.0018635407273218	1.0018635407273218	0.0	0.0018635407273217552	1.0018635407273218	1.0009317703636609
3200_lemuru50	0.7	127	1.0	0.0	1.0	16666.0	16666.0	16666.0	16666.0	6.123043	6.123043	6.123043	gb	1.0	0.0	16635.0	16635.0	1.0	0.0	16635.0	16635.0	1.0	0.0	16635.0	16635.0	1.0018635407273218	1.0018635407273218	0.0	0.0018635407273217552	1.0018635407273218	1.0009317703636609
