read_id	label	read_length	mean_base_quality	ref_name	ref_start_1based	strand	mapq	cigar	has_sa	sa_count	num_segments	sa_diff_contig	sa_min_delta_pos	sa_max_delta_pos	sa_mean_delta_pos	sa_same_strand_count	sa_opp_strand_count	sa_max_mapq	sa_mean_mapq	sa_min_nm	sa_mean_nm	softclip_left	softclip_right	total_clipped_bases	breakpoint_read_pos	kmer_cosine_diff	kmer_js_divergence	microhomology_length	microhomology_gc
NC_037131.1_4_467_7:0:0_3:0:0_901	-1	150	13.000	NC_039553.1	4	0	1	66M2D76M8S	0	0	1	0	0	0	0.000	0	0	0	0.000	0	0.000	0	8	8	142	1.000000	1.000000	2	1.000
NC_037131.1_9_458_8:0:0_6:0:0_7b8	-1	150	13.000	NC_039553.1	19	0	1	10S51M2D81M8S	0	0	1	0	0	0	0.000	0	0	0	0.000	0	0.000	10	8	18	10	1.000000	1.000000	0	0.000
NC_037131.1_25_551_6:0:0_3:0:0_a88	-1	150	13.000	NC_039553.1	25	0	20	45M2D105M	0	0	1	0	0	0	0.000	0	0	0	0.000	0	0.000	0	0	0	75	0.985914	0.985714	1	0.000
NC_037131.1_102_637_5:0:0_4:0:0_895	-1	150	13.000	NC_039553.1	108	0	23	4S146M	0	0	1	0	0	0	0.000	0	0	0	0.000	0	0.000	4	0	4	4	0.000000	0.500000	0	0.000
NC_037131.1_109_649_2:0:0_6:0:0_171	-1	150	13.000	NC_039553.1	111	0	9	136M14S	0	0	1	0	0	0	0.000	0	0	0	0.000	0	0.000	0	14	14	136	1.000000	1.000000	0	0.000
NC_037131.1_204_625_6:0:0_10:0:0_206	-1	150	13.000	NC_039553.1	206	0	18	85M1D41M24S	0	0	1	0	0	0	0.000	0	0	0	0.000	0	0.000	0	24	24	126	0.979144	0.982556	0	0.000
NC_037131.1_207_681_10:0:0_7:0:0_55b	-1	150	13.000	NC_039553.1	209	0	19	38M112S	0	0	1	0	0	0	0.000	0	0	0	0.000	0	0.000	0	112	112	38	0.949514	0.953145	0	0.000
NC_037131.1_133_642_6:0:0_9:0:0_56f	-1	150	13.000	NC_039553.1	216	0	3	81S69M	0	0	1	0	0	0	0.000	0	0	0	0.000	0	0.000	81	0	81	81	0.971323	0.971370	0	0.000
NC_037131.1_215_683_3:0:0_8:0:0_46f	-1	150	13.000	NC_039553.1	217	0	9	74M1D43M33S	0	0	1	0	0	0	0.000	0	0	0	0.000	0	0.000	0	33	33	117	0.964907	0.967771	0	0.000
NC_037131.1_242_810_11:0:0_6:0:0_102	-1	150	13.000	NC_039553.1	295	0	3	50S82M18S	0	0	1	0	0	0	0.000	0	0	0	0.000	0	0.000	50	18	68	50	1.000000	1.000000	1	1.000
NC_037131.1_255_751_6:0:0_4:0:0_3aa	-1	150	13.000	NC_039553.1	305	0	14	47S103M	0	0	1	0	0	0	0.000	0	0	0	0.000	0	0.000	47	0	47	47	0.984869	0.985012	0	0.000
NC_037131.1_364_897_3:0:0_7:0:0_8e6	-1	150	13.000	NC_039553.1	460	0	16	93S57M	0	0	1	0	0	0	0.000	0	0	0	0.000	0	0.000	93	0	93	93	0.956147	0.956322	2	0.000
NC_037131.1_33_602_2:0:0_5:0:0_7a2	-1	150	13.000	NC_039553.1	460	1	14	4S78M1D68M	0	0	1	0	0	0	0.000	0	0	0	0.000	0	0.000	4	0	4	4	0.000000	0.500000	2	0.000
NC_037131.1_39_532_9:0:0_3:0:0_23e	-1	150	13.000	NC_039553.1	460	1	5	74S76M	0	0	1	0	0	0	0.000	0	0	0	0.000	0	0.000	74	0	74	74	0.945185	0.942854	2	0.000
NC_037131.1_25_551_6:0:0_3:0:0_a88	-1	150	13.000	NC_039553.1	460	1	23	55S78M17S	0	0	1	0	0	0	0.000	0	0	0	0.000	0	0.000	55	17	72	55	0.970186	0.970747	2	0.000
NC_037131.1_458_987_6:0:0_11:0:0_b44	-1	150	13.000	NC_039553.1	461	0	11	80M4I4M5D62M	0	0	1	0	0	0	0.000	0	0	0	0.000	0	0.000	0	0	0	75	0.986106	0.985714	0	0.000
NC_037131.1_445_937_7:0:0_6:0:0_869	-1	150	13.000	NC_039553.1	461	0	11	13S73M5I10M6D49M	0	0	1	0	0	0	0.000	0	0	0	0.000	0	0.000	13	0	13	13	1.000000	1.000000	0	0.000
NC_037131.1_462_1030_6:0:0_6:0:0_74d	-1	150	13.000	NC_039553.1	472	0	22	7S66M1D18M1I5M1D53M	0	0	1	0	0	0	0.000	0	0	0	0.000	0	0.000	7	0	7	7	1.000000	1.000000	2	1.000
NC_037131.1_90_533_6:0:0_6:0:0_7e2	-1	150	13.000	NC_039553.1	473	1	15	86S64M	0	0	1	0	0	0	0.000	0	0	0	0.000	0	0.000	86	0	86	86	0.986793	0.985615	2	0.500
NC_037131.1_100_619_13:0:0_4:0:0_53	-1	150	13.000	NC_039553.1	473	1	14	65M1D85M	0	0	1	0	0	0	0.000	0	0	0	0.000	0	0.000	0	0	0	75	1.000000	1.000000	0	0.000
NC_037131.1_484_977_4:0:0_9:0:0_af4	-1	150	13.000	NC_039553.1	487	0	22	47M5I10M6D88M	0	0	1	0	0	0	0.000	0	0	0	0.000	0	0.000	0	0	0	75	1.000000	1.000000	2	1.000
NC_037131.1_485_1022_7:0:0_10:0:0_136	-1	150	13.000	NC_039553.1	488	0	11	48M2I11M3D8M1I4M1D76M	0	0	1	0	0	0	0.000	0	0	0	0.000	0	0.000	0	0	0	75	0.972580	0.971429	1	1.000
NC_037131.1_204_625_6:0:0_10:0:0_206	-1	150	13.000	NC_039553.1	488	1	21	9S46M5I9M8D1M2I78M	0	0	1	0	0	0	0.000	0	0	0	0.000	0	0.000	9	0	9	9	1.000000	1.000000	0	0.000
NC_037131.1_102_637_5:0:0_4:0:0_895	-1	150	13.000	NC_039553.1	491	1	27	47M1D103M	0	0	1	0	0	0	0.000	0	0	0	0.000	0	0.000	0	0	0	75	1.000000	1.000000	0	0.000
NC_037131.1_492_989_7:0:0_6:0:0_847	-1	150	13.000	NC_039553.1	495	0	37	43M1D107M	0	0	1	0	0	0	0.000	0	0	0	0.000	0	0.000	0	0	0	75	1.000000	1.000000	0	0.000
NC_037131.1_133_642_6:0:0_9:0:0_56f	-1	150	13.000	NC_039553.1	496	1	3	42M1D108M	0	0	1	0	0	0	0.000	0	0	0	0.000	0	0.000	0	0	0	75	0.986300	0.985714	0	0.000
NC_037131.1_128_642_5:0:0_6:0:0_3f8	-1	150	13.000	NC_039553.1	496	1	42	38M5I4M6D43M1D3M1I56M	0	0	1	0	0	0	0.000	0	0	0	0.000	0	0.000	0	0	0	75	1.000000	1.000000	0	0.000
NC_037131.1_495_1081_9:0:0_7:0:0_60c	-1	150	13.000	NC_039553.1	498	0	33	36M5I12M6D97M	0	0	1	0	0	0	0.000	0	0	0	0.000	0	0.000	0	0	0	75	1.000000	1.000000	2	1.000
NC_037131.1_109_649_2:0:0_6:0:0_171	-1	150	13.000	NC_039553.1	503	1	10	35M1D115M	0	0	1	0	0	0	0.000	0	0	0	0.000	0	0.000	0	0	0	75	0.985714	0.985714	0	0.000
NC_037131.1_535_1012_6:0:0_5:0:0_547	-1	150	13.000	NC_039553.1	533	0	9	11M6D124M15S	0	0	1	0	0	0	0.000	0	0	0	0.000	0	0.000	0	15	15	135	1.000000	1.000000	0	0.000
NC_037131.1_510_996_9:0:0_8:0:0_4e4	-1	150	13.000	NC_039553.1	544	0	3	30S120M	0	0	1	0	0	0	0.000	0	0	0	0.000	0	0.000	30	0	30	30	1.000000	1.000000	0	0.000
NC_037131.1_215_683_3:0:0_8:0:0_46f	-1	150	13.000	NC_039553.1	544	1	10	6S130M14S	0	0	1	0	0	0	0.000	0	0	0	0.000	0	0.000	6	14	20	136	1.000000	1.000000	0	0.000
NC_037131.1_76_670_7:0:0_4:0:0_8b7	-1	150	13.000	NC_039553.1	544	1	1	19S131M	0	0	1	0	0	0	0.000	0	0	0	0.000	0	0.000	19	0	19	19	1.000000	1.000000	0	0.000
NC_037131.1_238_685_6:0:0_5:0:0_49f	-1	150	13.000	NC_039553.1	544	1	1	4S121M25S	0	0	1	0	0	0	0.000	0	0	0	0.000	0	0.000	4	25	29	125	1.000000	1.000000	0	0.000
NC_037131.1_207_681_10:0:0_7:0:0_55b	-1	150	13.000	NC_039553.1	544	1	20	8S119M23S	0	0	1	0	0	0	0.000	0	0	0	0.000	0	0.000	8	23	31	127	1.000000	1.000000	1	0.000
NC_037131.1_242_699_10:0:0_3:0:0_73d	-1	150	13.000	NC_039553.1	554	1	34	150M	0	0	1	0	0	0	0.000	0	0	0	0.000	0	0.000	0	0	0	75	0.958317	0.957143	0	0.000
NC_037131.1_520_983_8:0:0_6:0:0_931	-1	150	13.000	NC_039553.1	563	0	26	39S98M13S	0	0	1	0	0	0	0.000	0	0	0	0.000	0	0.000	39	13	52	39	0.983498	0.984466	2	1.000
NC_037131.1_536_1054_8:0:0_5:0:0_399	-1	150	13.000	NC_039553.1	563	0	4	23S111M16S	0	0	1	0	0	0	0.000	0	0	0	0.000	0	0.000	23	16	39	23	1.000000	1.000000	2	1.000
NC_037131.1_542_1038_6:0:0_5:0:0_36a	-1	150	13.000	NC_039553.1	565	0	12	19S131M	0	0	1	0	0	0	0.000	0	0	0	0.000	0	0.000	19	0	19	19	1.000000	1.000000	0	0.000
NC_037131.1_561_1001_9:0:0_6:0:0_36f	-1	150	13.000	NC_039553.1	565	0	16	150M	0	0	1	0	0	0	0.000	0	0	0	0.000	0	0.000	0	0	0	75	0.874952	0.880322	0	0.000
NC_037131.1_520_1061_5:0:0_6:0:0_90b	-1	150	13.000	NC_039553.1	577	0	33	53S97M	0	0	1	0	0	0	0.000	0	0	0	0.000	0	0.000	53	0	53	53	0.985269	0.985297	0	0.000
NC_037131.1_580_1091_6:0:0_6:0:0_976	-1	150	13.000	NC_039553.1	584	0	41	130M20S	0	0	1	0	0	0	0.000	0	0	0	0.000	0	0.000	0	20	20	130	1.000000	1.000000	0	0.000
NC_037131.1_241_730_11:0:0_4:0:0_55e	-1	150	13.000	NC_039553.1	585	1	41	131M19S	0	0	1	0	0	0	0.000	0	0	0	0.000	0	0.000	0	19	19	131	1.000000	1.000000	0	0.000
NC_037131.1_174_733_6:0:0_6:0:0_b35	-1	150	13.000	NC_039553.1	588	1	3	128M22S	0	0	1	0	0	0	0.000	0	0	0	0.000	0	0.000	0	22	22	128	1.000000	1.000000	0	0.000
NC_037131.1_586_1110_5:0:0_12:0:0_4cf	-1	150	13.000	NC_039553.1	590	0	12	126M24S	0	0	1	0	0	0	0.000	0	0	0	0.000	0	0.000	0	24	24	126	1.000000	1.000000	0	0.000
NC_037131.1_601_1151_5:0:0_7:0:0_489	-1	150	13.000	NC_039553.1	605	0	38	111M39S	0	0	1	0	0	0	0.000	0	0	0	0.000	0	0.000	0	39	39	111	1.000000	1.000000	0	0.000
NC_037131.1_255_751_6:0:0_4:0:0_3aa	-1	150	13.000	NC_039553.1	606	1	16	110M40S	0	0	1	0	0	0	0.000	0	0	0	0.000	0	0.000	0	40	40	110	1.000000	1.000000	0	0.000
NC_037131.1_332_801_8:0:0_3:0:0_370	-1	150	13.000	NC_039553.1	656	1	30	60M5D3M5I82M	0	0	1	0	0	0	0.000	0	0	0	0.000	0	0.000	0	0	0	75	1.000000	1.000000	0	0.000
NC_037131.1_242_810_11:0:0_6:0:0_102	-1	150	13.000	NC_039553.1	682	1	3	17S34M5D3M5I91M	0	0	1	0	0	0	0.000	0	0	0	0.000	0	0.000	17	0	17	17	1.000000	1.000000	0	0.000
NC_037131.1_282_799_11:0:0_5:0:0_b16	-1	150	13.000	NC_039553.1	682	1	10	28S34M5D3M5I80M	0	0	1	0	0	0	0.000	0	0	0	0.000	0	0.000	28	0	28	28	0.961446	0.966472	0	0.000
NC_037131.1_357_837_8:0:0_4:0:0_1e4	-1	150	13.000	NC_039553.1	692	1	10	24M5D3M5I96M22S	0	0	1	0	0	0	0.000	0	0	0	0.000	0	0.000	0	22	22	128	0.978131	0.982142	1	0.000
NC_037131.1_706_1205_3:0:0_4:0:0_1c1	-1	150	13.000	NC_039553.1	724	0	11	14S109M27S	0	0	1	0	0	0	0.000	0	0	0	0.000	0	0.000	14	27	41	123	1.000000	1.000000	1	0.000
NC_037131.1_714_1175_9:0:0_8:0:0_567	-1	150	13.000	NC_039553.1	724	0	5	6S109M35S	0	0	1	0	0	0	0.000	0	0	0	0.000	0	0.000	6	35	41	115	0.965184	0.968199	1	0.000
NC_037131.1_359_868_10:0:0_7:0:0_1cb	-1	150	13.000	NC_039553.1	741	1	11	18S92M40S	0	0	1	0	0	0	0.000	0	0	0	0.000	0	0.000	18	40	58	110	1.000000	1.000000	1	0.000
NC_037131.1_654_1039_8:0:0_4:0:0_8b9	-1	150	13.000	NC_039553.1	747	0	29	89S61M	0	0	1	0	0	0	0.000	0	0	0	0.000	0	0.000	89	0	89	89	1.000000	1.000000	2	0.000
NC_037131.1_364_897_3:0:0_7:0:0_8e6	-1	150	13.000	NC_039553.1	752	1	19	91M1D24M35S	0	0	1	0	0	0	0.000	0	0	0	0.000	0	0.000	0	35	35	115	0.948701	0.959973	0	0.000
NC_037131.1_488_918_11:0:0_9:0:0_68f	-1	150	13.000	NC_039553.1	773	1	1	63M4I7M5D70M6S	0	0	1	0	0	0	0.000	0	0	0	0.000	0	0.000	0	6	6	144	1.000000	1.000000	1	1.000
chimera_1_A14757-15004_B15892-15943_MH4_304391_304856_0:0:0_0:0:0_8c	-1	150	40.000	NC_039553.1	775	1	20	68M1D66M16S	0	0	1	0	0	0	0.000	0	0	0	0.000	0	0.000	0	16	16	134	1.000000	1.000000	1	0.000
NC_037131.1_788_1280_9:0:0_7:0:0_4bb	-1	150	13.000	NC_039553.1	845	0	1	52S76M22S	0	0	1	0	0	0	0.000	0	0	0	0.000	0	0.000	52	22	74	52	1.000000	1.000000	0	0.000
NC_037131.1_826_1376_9:0:0_9:0:0_a82	-1	150	13.000	NC_039553.1	845	0	13	14S76M60S	0	0	1	0	0	0	0.000	0	0	0	0.000	0	0.000	14	60	74	90	0.985707	0.985527	0	0.000
NC_037131.1_520_983_8:0:0_6:0:0_931	-1	150	13.000	NC_039553.1	845	1	27	6S76M68S	0	0	1	0	0	0	0.000	0	0	0	0.000	0	0.000	6	68	74	82	0.958004	0.957023	0	0.000
NC_037131.1_452_936_8:0:0_12:0:0_7d6	-1	150	13.000	NC_039553.1	845	1	5	53S76M21S	0	0	1	0	0	0	0.000	0	0	0	0.000	0	0.000	53	21	74	53	0.910676	0.919910	0	0.000
NC_037131.1_445_937_7:0:0_6:0:0_869	-1	150	13.000	NC_039553.1	845	1	10	52S76M22S	0	0	1	0	0	0	0.000	0	0	0	0.000	0	0.000	52	22	74	52	0.954624	0.955768	0	0.000
chimera_1_A14757-15004_B15892-15943_MH4_179765_180239_0:0:0_0:0:0_55	-1	150	40.000	NC_039553.1	845	1	14	31S76M43S	0	0	1	0	0	0	0.000	0	0	0	0.000	0	0.000	31	43	74	107	0.984390	0.984766	0	0.000
NC_037131.1_492_989_7:0:0_6:0:0_847	-1	150	13.000	NC_039553.1	845	1	33	76M74S	0	0	1	0	0	0	0.000	0	0	0	0.000	0	0.000	0	74	74	76	0.959456	0.957140	0	0.000
NC_037131.1_843_1365_8:0:0_3:0:0_42e	-1	150	13.000	NC_039553.1	848	0	12	73M77S	0	0	1	0	0	0	0.000	0	0	0	0.000	0	0.000	0	77	77	73	0.947295	0.942844	0	0.000
NC_037131.1_458_987_6:0:0_11:0:0_b44	-1	150	13.000	NC_039553.1	848	1	10	5S73M72S	0	0	1	0	0	0	0.000	0	0	0	0.000	0	0.000	5	72	77	78	0.958904	0.957121	0	0.000
NC_037131.1_852_1348_8:0:0_7:0:0_ab7	-1	150	13.000	NC_039553.1	857	0	12	64M86S	0	0	1	0	0	0	0.000	0	0	0	0.000	0	0.000	0	86	86	64	0.915677	0.913687	0	0.000
NC_037131.1_854_1351_3:0:0_4:0:0_218	-1	150	13.000	NC_039553.1	859	0	44	71M1D7M2I30M1D40M	0	0	1	0	0	0	0.000	0	0	0	0.000	0	0.000	0	0	0	75	0.959459	0.957143	1	0.000
chimera_1_A14757-15004_B15892-15943_MH4_145088_145568_0:0:0_0:0:0_5c	-1	150	40.000	NC_039553.1	883	0	14	5S38M107S	0	0	1	0	0	0	0.000	0	0	0	0.000	0	0.000	5	107	112	43	0.985013	0.984766	0	0.000
chimera_1_A14757-15004_B15892-15943_MH4_315559_316007_0:0:0_0:0:0_44	-1	150	40.000	NC_039553.1	883	0	14	7S38M105S	0	0	1	0	0	0	0.000	0	0	0	0.000	0	0.000	7	105	112	45	0.985217	0.984895	0	0.000
chimera_1_A14757-15004_B15892-15943_MH4_274466_274967_0:0:0_0:0:0_6	-1	150	40.000	NC_039553.1	883	1	2	114S36M	0	0	1	0	0	0	0.000	0	0	0	0.000	0	0.000	114	0	114	114	0.983956	0.984198	0	0.000
chimera_1_A14757-15004_B15892-15943_MH4_179827_180304_0:0:0_0:0:0_6c	-1	150	40.000	NC_039553.1	883	1	14	4S38M108S	0	0	1	0	0	0	0.000	0	0	0	0.000	0	0.000	4	108	112	42	0.954706	0.954091	0	0.000
NC_037131.1_535_1012_6:0:0_5:0:0_547	-1	150	13.000	NC_039553.1	883	1	10	15S33M102S	0	0	1	0	0	0	0.000	0	0	0	0.000	0	0.000	15	102	117	48	0.985627	0.985066	0	0.000
NC_037131.1_833_1371_9:0:0_2:0:0_974	-1	150	13.000	NC_039553.1	884	0	12	46S36M68S	0	0	1	0	0	0	0.000	0	0	0	0.000	0	0.000	46	68	114	82	1.000000	1.000000	0	0.000
NC_037131.1_870_1405_12:0:0_12:0:0_6e8	-1	150	13.000	NC_039553.1	884	0	5	9S37M104S	0	0	1	0	0	0	0.000	0	0	0	0.000	0	0.000	9	104	113	46	1.000000	1.000000	0	0.000
NC_037131.1_485_1022_7:0:0_10:0:0_136	-1	150	13.000	NC_039553.1	885	1	12	7S36M107S	0	0	1	0	0	0	0.000	0	0	0	0.000	0	0.000	7	107	114	43	1.000000	1.000000	0	0.000
NC_037131.1_870_1336_6:0:0_4:0:0_15a	-1	150	13.000	NC_039553.1	888	0	4	13S42M5D6M4I5M2I22M1D56M	0	0	1	0	0	0	0.000	0	0	0	0.000	0	0.000	13	0	13	13	0.969904	0.979053	0	0.000
NC_037131.1_542_1038_6:0:0_5:0:0_36a	-1	150	13.000	NC_039553.1	894	1	11	36M5D6M4I5M2I22M1D75M	0	0	1	0	0	0	0.000	0	0	0	0.000	0	0.000	0	0	0	75	1.000000	1.000000	0	0.000
NC_037131.1_654_1039_8:0:0_4:0:0_8b9	-1	150	13.000	NC_039553.1	895	1	34	35M5D6M4I5M2I22M1D68M8S	0	0	1	0	0	0	0.000	0	0	0	0.000	0	0.000	0	8	8	142	1.000000	1.000000	2	0.500
NC_037131.1_599_1092_8:0:0_4:0:0_6da	-1	150	13.000	NC_039553.1	947	1	14	21M1D121M8S	0	0	1	0	0	0	0.000	0	0	0	0.000	0	0.000	0	8	8	142	1.000000	1.000000	0	0.000
NC_037131.1_941_1381_6:0:0_12:0:0_88e	-1	150	13.000	NC_039553.1	969	0	4	23S127M	0	0	1	0	0	0	0.000	0	0	0	0.000	0	0.000	23	0	23	23	1.000000	1.000000	0	0.000
NC_037131.1_947_1481_8:0:0_8:0:0_652	-1	150	13.000	NC_039553.1	969	0	8	17S121M12S	0	0	1	0	0	0	0.000	0	0	0	0.000	0	0.000	17	12	29	17	1.000000	1.000000	0	0.000
NC_037131.1_905_1348_7:0:0_7:0:0_53f	-1	150	13.000	NC_039553.1	969	0	7	59S91M	0	0	1	0	0	0	0.000	0	0	0	0.000	0	0.000	59	0	59	59	0.956967	0.956500	0	0.000
NC_037131.1_917_1441_6:0:0_10:0:0_734	-1	150	13.000	NC_039553.1	969	0	14	47S96M7S	0	0	1	0	0	0	0.000	0	0	0	0.000	0	0.000	47	7	54	47	0.984771	0.985012	0	0.000
NC_037131.1_956_1394_5:0:0_2:0:0_aa8	-1	150	13.000	NC_039553.1	969	0	5	8S142M	0	0	1	0	0	0	0.000	0	0	0	0.000	0	0.000	8	0	8	8	1.000000	1.000000	0	0.000
NC_037131.1_944_1399_6:0:0_4:0:0_1ef	-1	150	13.000	NC_039553.1	969	0	53	20S121M9S	0	0	1	0	0	0	0.000	0	0	0	0.000	0	0.000	20	9	29	20	1.000000	1.000000	1	1.000
NC_037131.1_536_1054_8:0:0_5:0:0_399	-1	150	13.000	NC_039553.1	969	1	4	59S91M	0	0	1	0	0	0	0.000	0	0	0	0.000	0	0.000	59	0	59	59	0.985841	0.985500	0	0.000
NC_037131.1_462_1030_6:0:0_6:0:0_74d	-1	150	13.000	NC_039553.1	969	1	19	83S67M	0	0	1	0	0	0	0.000	0	0	0	0.000	0	0.000	83	0	83	83	0.986143	0.985662	0	0.000
NC_037131.1_561_1001_9:0:0_6:0:0_36f	-1	150	13.000	NC_039553.1	969	1	14	112S38M	0	0	1	0	0	0	0.000	0	0	0	0.000	0	0.000	112	0	112	112	0.936699	0.937526	0	0.000
NC_037131.1_495_1081_9:0:0_7:0:0_60c	-1	150	13.000	NC_039553.1	969	1	40	32S118M	0	0	1	0	0	0	0.000	0	0	0	0.000	0	0.000	32	0	32	32	0.981896	0.983770	0	0.000
NC_037131.1_580_1091_6:0:0_6:0:0_976	-1	150	13.000	NC_039553.1	972	1	37	25S118M7S	0	0	1	0	0	0	0.000	0	0	0	0.000	0	0.000	25	7	32	25	1.000000	1.000000	0	0.000
NC_037131.1_961_1401_5:0:0_9:0:0_4a1	-1	150	13.000	NC_039553.1	973	0	22	7S141M2S	0	0	1	0	0	0	0.000	0	0	0	0.000	0	0.000	7	2	9	7	1.000000	1.000000	0	0.000
NC_037131.1_979_1442_3:0:0_11:0:0_544	-1	150	13.000	NC_039553.1	984	0	5	130M20S	0	0	1	0	0	0	0.000	0	0	0	0.000	0	0.000	0	20	20	130	1.000000	1.000000	1	0.000
NC_037131.1_625_1131_11:0:0_6:0:0_1b1	-1	150	13.000	NC_039553.1	987	1	8	103M47S	0	0	1	0	0	0	0.000	0	0	0	0.000	0	0.000	0	47	47	103	0.968826	0.970024	0	0.000
NC_037131.1_1190_1656_4:0:0_10:0:0_510	-1	150	13.000	NC_039553.1	1221	0	9	22S128M	0	0	1	0	0	0	0.000	0	0	0	0.000	0	0.000	22	0	22	22	0.936429	0.953841	0	0.000
NC_037131.1_1171_1600_6:0:0_10:0:0_383	-1	150	13.000	NC_039553.1	1223	0	3	43S107M	0	0	1	0	0	0	0.000	0	0	0	0.000	0	0.000	43	0	43	43	1.000000	1.000000	0	0.000
NC_037131.1_833_1371_9:0:0_2:0:0_974	-1	150	13.000	NC_039553.1	1231	1	11	145M5S	0	0	1	0	0	0	0.000	0	0	0	0.000	0	0.000	0	5	5	145	0.000000	0.500000	0	0.000
NC_037131.1_1220_1671_3:0:0_9:0:0_145	-1	150	13.000	NC_039553.1	1233	0	1	4S118M28S	0	0	1	0	0	0	0.000	0	0	0	0.000	0	0.000	4	28	32	122	0.981350	0.983236	1	1.000
NC_037131.1_852_1348_8:0:0_7:0:0_ab7	-1	150	13.000	NC_039553.1	1287	1	14	79S71M	0	0	1	0	0	0	0.000	0	0	0	0.000	0	0.000	79	0	79	79	1.000000	1.000000	0	0.000
chimera_1_A14757-15004_B15892-15943_MH4_272465_272926_0:0:0_0:0:0_7a	-1	150	40.000	NC_039553.1	1287	1	1	79S71M	0	0	1	0	0	0	0.000	0	0	0	0.000	0	0.000	79	0	79	79	0.930313	0.928506	0	0.000
chimera_1_A14757-15004_B15892-15943_MH4_34970_35523_0:0:0_0:0:0_8a	-1	150	40.000	NC_039553.1	1287	1	1	38S89M23S	0	0	1	0	0	0	0.000	0	0	0	0.000	0	0.000	38	23	61	38	0.916632	0.921908	0	0.000
NC_037131.1_944_1399_6:0:0_4:0:0_1ef	-1	150	13.000	NC_039553.1	1287	1	47	28S64M58S	0	0	1	0	0	0	0.000	0	0	0	0.000	0	0.000	28	58	86	92	0.985273	0.985471	1	1.000
NC_037131.1_1255_1772_10:0:0_3:0:0_548	-1	150	13.000	NC_039553.1	1304	0	1	40S39M71S	0	0	1	0	0	0	0.000	0	0	0	0.000	0	0.000	40	71	111	79	0.972538	0.971403	0	0.000
NC_037131.1_1233_1764_8:0:0_11:0:0_65b	-1	150	13.000	NC_039553.1	1304	0	15	62S47M41S	0	0	1	0	0	0	0.000	0	0	0	0.000	0	0.000	62	41	103	62	1.000000	1.000000	1	1.000
NC_037131.1_941_1381_6:0:0_12:0:0_88e	-1	150	13.000	NC_039553.1	1304	1	4	63S25M62S	0	0	1	0	0	0	0.000	0	0	0	0.000	0	0.000	63	62	125	63	1.000000	1.000000	1	1.000
NC_037131.1_1274_1702_6:0:0_13:0:0_40c	-1	150	13.000	NC_039553.1	1308	0	1	25S56M69S	0	0	1	0	0	0	0.000	0	0	0	0.000	0	0.000	25	69	94	81	1.000000	1.000000	1	0.000
NC_037131.1_932_1448_9:0:0_10:0:0_329	-1	150	13.000	NC_039553.1	1308	1	1	28M122S	0	0	1	0	0	0	0.000	0	0	0	0.000	0	0.000	0	122	122	28	1.000000	1.000000	1	0.000
NC_037131.1_932_1448_8:0:0_11:0:0_74c	-1	150	13.000	NC_039553.1	1308	1	1	68M82S	0	0	1	0	0	0	0.000	0	0	0	0.000	0	0.000	0	82	82	68	0.986218	0.985674	0	0.000
NC_037131.1_1446_1910_7:0:0_9:0:0_2ce	-1	150	13.000	NC_039553.1	1457	0	3	63M87S	0	0	1	0	0	0	0.000	0	0	0	0.000	0	0.000	0	87	87	63	1.000000	1.000000	0	0.000
NC_037131.1_1171_1600_6:0:0_10:0:0_383	-1	150	13.000	NC_039553.1	1468	1	3	6S39M105S	0	0	1	0	0	0	0.000	0	0	0	0.000	0	0.000	6	105	111	45	1.000000	1.000000	0	0.000
NC_037131.1_1505_1987_6:0:0_8:0:0_41c	-1	150	13.000	NC_039553.1	1567	0	8	51S55M1D18M26S	0	0	1	0	0	0	0.000	0	0	0	0.000	0	0.000	51	26	77	51	0.970212	0.970425	0	0.000
NC_037131.1_1454_1904_6:0:0_7:0:0_58b	-1	150	13.000	NC_039553.1	1567	0	4	102S48M	0	0	1	0	0	0	0.000	0	0	0	0.000	0	0.000	102	0	102	102	0.953548	0.955198	0	0.000
NC_037131.1_1501_1909_7:0:0_10:0:0_288	-1	150	13.000	NC_039553.1	1567	0	11	55S53M1D18M24S	0	0	1	0	0	0	0.000	0	0	0	0.000	0	0.000	55	24	79	55	0.942857	0.941493	0	0.000
NC_037131.1_1510_2049_6:0:0_5:0:0_b0f	-1	150	13.000	NC_039553.1	1567	0	19	46S55M1D15M34S	0	0	1	0	0	0	0.000	0	0	0	0.000	0	0.000	46	34	80	46	0.970353	0.969910	0	0.000
NC_037131.1_1080_1648_7:0:0_4:0:0_86b	-1	150	13.000	NC_039553.1	1567	1	1	57S55M1D22M16S	0	0	1	0	0	0	0.000	0	0	0	0.000	0	0.000	57	16	73	57	0.945076	0.950008	0	0.000
NC_037131.1_1210_1676_10:0:0_5:0:0_809	-1	150	13.000	NC_039553.1	1567	1	1	29S55M1D25M2D4M2I2M1I32M	0	0	1	0	0	0	0.000	0	0	0	0.000	0	0.000	29	0	29	29	1.000000	1.000000	0	0.000
NC_037131.1_1183_1668_7:0:0_7:0:0_64f	-1	150	13.000	NC_039553.1	1567	1	11	37S55M1D25M2D4M2I2M1I24M	0	0	1	0	0	0	0.000	0	0	0	0.000	0	0.000	37	0	37	37	0.949889	0.952877	0	0.000
chimera_1_A14757-15004_B15892-15943_MH4_253241_253726_0:0:0_0:0:0_1d	-1	150	40.000	NC_039553.1	1567	1	1	75S55M1D20M	0	0	1	0	0	0	0.000	0	0	0	0.000	0	0.000	75	0	75	75	0.972580	0.971429	0	0.000
NC_037131.1_1190_1656_4:0:0_10:0:0_510	-1	150	13.000	NC_039553.1	1567	1	10	49S55M1D22M24S	0	0	1	0	0	0	0.000	0	0	0	0.000	0	0.000	49	24	73	49	0.970146	0.970235	0	0.000
NC_037131.1_1213_1706_10:0:0_9:0:0_608	-1	150	13.000	NC_039553.1	1568	1	1	54M1D25M2D4M2I2M1I45M17S	0	0	1	0	0	0	0.000	0	0	0	0.000	0	0.000	0	17	17	133	1.000000	1.000000	1	0.000
NC_037131.1_1561_2057_7:0:0_6:0:0_bc5	-1	150	13.000	NC_039553.1	1572	0	21	50M1D33M1I66M	0	0	1	0	0	0	0.000	0	0	0	0.000	0	0.000	0	0	0	75	0.958317	0.957143	0	0.000
NC_037131.1_1552_2052_6:0:0_5:0:0_1a0	-1	150	13.000	NC_039553.1	1573	0	27	10S49M1D25M2D4M2I2M1I45M12S	0	0	1	0	0	0	0.000	0	0	0	0.000	0	0.000	10	12	22	138	0.967941	0.978466	1	0.000
NC_037131.1_1484_1917_9:0:0_11:0:0_bbc	-1	150	13.000	NC_039553.1	1575	0	11	80S47M1D23M	0	0	1	0	0	0	0.000	0	0	0	0.000	0	0.000	80	0	80	80	0.959943	0.957082	0	0.000
NC_037131.1_1527_2032_9:0:0_2:0:0_1f8	-1	150	13.000	NC_039553.1	1577	0	22	39S45M1D25M2D4M2I2M1I32M	0	0	1	0	0	0	0.000	0	0	0	0.000	0	0.000	39	0	39	39	0.935180	0.937866	0	0.000
NC_037131.1_1247_1716_6:0:0_10:0:0_688	-1	150	13.000	NC_039553.1	1578	1	1	44M1D22M2D9M3I54M18S	0	0	1	0	0	0	0.000	0	0	0	0.000	0	0.000	0	18	18	132	0.975951	0.981093	0	0.000
NC_037131.1_1569_2069_7:0:0_16:0:0_77c	-1	150	13.000	NC_039553.1	1580	0	1	42M1D25M2D4M2I2M1I74M	0	0	1	0	0	0	0.000	0	0	0	0.000	0	0.000	0	0	0	75	1.000000	1.000000	0	0.000
NC_037131.1_1572_2107_11:0:0_11:0:0_968	-1	150	13.000	NC_039553.1	1583	0	10	39M1D25M2D4M2I2M1I43M34S	0	0	1	0	0	0	0.000	0	0	0	0.000	0	0.000	0	34	34	116	0.932474	0.943634	0	0.000
NC_037131.1_1552_2026_9:0:0_6:0:0_301	-1	150	13.000	NC_039553.1	1584	0	23	21S38M1D25M2D4M2I2M1I57M	0	0	1	0	0	0	0.000	0	0	0	0.000	0	0.000	21	0	21	21	0.933185	0.945731	0	0.000
NC_037131.1_1575_2025_7:0:0_7:0:0_745	-1	150	13.000	NC_039553.1	1586	0	20	36M1D33M1I45M35S	0	0	1	0	0	0	0.000	0	0	0	0.000	0	0.000	0	35	35	115	0.966097	0.968199	1	0.000
NC_037131.1_1585_2130_7:0:0_8:0:0_7e4	-1	150	13.000	NC_039553.1	1596	0	9	24M1D27M2D4M2I2M1I76M14S	0	0	1	0	0	0	0.000	0	0	0	0.000	0	0.000	0	14	14	136	1.000000	1.000000	0	0.000
NC_037131.1_1586_2049_5:0:0_8:0:0_90	-1	150	13.000	NC_039553.1	1597	0	1	25M1D25M2D4M2I2M1I43M48S	0	0	1	0	0	0	0.000	0	0	0	0.000	0	0.000	0	48	48	102	1.000000	1.000000	0	0.000
NC_037131.1_1256_1739_9:0:0_5:0:0_51d	-1	150	13.000	NC_039553.1	1601	1	1	21M1D25M2D4M2I2M1I76M19S	0	0	1	0	0	0	0.000	0	0	0	0.000	0	0.000	0	19	19	131	0.929132	0.944167	0	0.000
NC_037131.1_1593_2073_1:0:0_7:0:0_710	-1	150	13.000	NC_039553.1	1604	0	36	18M1D25M2D4M2I2M1I54M44S	0	0	1	0	0	0	0.000	0	0	0	0.000	0	0.000	0	44	44	106	0.984222	0.984832	0	0.000
chimera_1_A14757-15004_B15892-15943_MH4_143654_144170_0:0:0_0:0:0_92	-1	150	40.000	NC_039553.1	1607	0	1	15M1D25M2D4M2I2M1I76M25S	0	0	1	0	0	0	0.000	0	0	0	0.000	0	0.000	0	25	25	125	1.000000	1.000000	0	0.000
NC_037131.1_1233_1764_8:0:0_11:0:0_65b	-1	150	13.000	NC_039553.1	1627	1	13	21M2D4M2I2M1I52M68S	0	0	1	0	0	0	0.000	0	0	0	0.000	0	0.000	0	68	68	82	0.986001	0.985674	0	0.000
NC_037131.1_1632_2162_11:0:0_7:0:0_3fd	-1	150	13.000	NC_039553.1	1656	0	22	13S45M92S	0	0	1	0	0	0	0.000	0	0	0	0.000	0	0.000	13	92	105	58	0.958996	0.956414	0	0.000
NC_037131.1_1615_2168_7:0:0_4:0:0_880	-1	150	13.000	NC_039553.1	1656	0	38	30S76M44S	0	0	1	0	0	0	0.000	0	0	0	0.000	0	0.000	30	44	74	106	0.984067	0.984832	0	0.000
NC_037131.1_1626_2148_5:0:0_9:0:0_10e	-1	150	13.000	NC_039553.1	1656	0	52	19S54M77S	0	0	1	0	0	0	0.000	0	0	0	0.000	0	0.000	19	77	96	73	0.986608	0.985711	0	0.000
NC_037131.1_1621_2066_8:0:0_6:0:0_38	-1	150	13.000	NC_039553.1	1656	0	11	24S51M75S	0	0	1	0	0	0	0.000	0	0	0	0.000	0	0.000	24	75	99	75	1.000000	1.000000	0	0.000
NC_037131.1_1624_2069_3:0:0_5:0:0_9aa	-1	150	13.000	NC_039553.1	1656	0	16	21S76M53S	0	0	1	0	0	0	0.000	0	0	0	0.000	0	0.000	21	53	74	97	0.986111	0.985297	0	0.000
NC_037131.1_1645_2110_2:0:0_7:0:0_6e1	-1	150	13.000	NC_039553.1	1656	0	24	86M1I1M2D62M	0	0	1	0	0	0	0.000	0	0	0	0.000	0	0.000	0	0	0	75	0.973331	0.971429	1	0.000
chimera_1_A14757-15004_B15892-15943_MH4_143697_144139_0:0:0_0:0:0_2f	-1	150	40.000	NC_039553.1	1656	0	1	6S76M68S	0	0	1	0	0	0	0.000	0	0	0	0.000	0	0.000	6	68	74	82	1.000000	1.000000	0	0.000
NC_037131.1_1699_2176_5:0:0_6:0:0_3ef	-1	150	13.000	NC_039553.1	1745	0	4	34S106M10S	0	0	1	0	0	0	0.000	0	0	0	0.000	0	0.000	34	10	44	34	0.967071	0.979867	1	1.000
NC_037131.1_1736_2264_8:0:0_4:0:0_118	-1	150	13.000	NC_039553.1	1748	0	25	103M47S	0	0	1	0	0	0	0.000	0	0	0	0.000	0	0.000	0	47	47	103	0.984570	0.985012	1	0.000
NC_037131.1_1699_2208_6:0:0_9:0:0_87b	-1	150	13.000	NC_039553.1	1759	0	26	48S92M10S	0	0	1	0	0	0	0.000	0	0	0	0.000	0	0.000	48	10	58	48	1.000000	1.000000	1	1.000
NC_037131.1_1711_2260_4:0:0_7:0:0_564	-1	150	13.000	NC_039553.1	1759	0	45	36S92M22S	0	0	1	0	0	0	0.000	0	0	0	0.000	0	0.000	36	22	58	36	0.966791	0.968397	1	1.000
NC_037131.1_1454_1904_6:0:0_7:0:0_58b	-1	150	13.000	NC_039553.1	1767	1	4	84M66S	0	0	1	0	0	0	0.000	0	0	0	0.000	0	0.000	0	66	66	84	0.943785	0.942591	1	0.000
NC_037131.1_1501_1909_7:0:0_10:0:0_288	-1	150	13.000	NC_039553.1	1772	1	10	79M71S	0	0	1	0	0	0	0.000	0	0	0	0.000	0	0.000	0	71	71	79	0.986238	0.985701	1	0.000
NC_037131.1_1446_1910_7:0:0_9:0:0_2ce	-1	150	13.000	NC_039553.1	1773	1	3	78M72S	0	0	1	0	0	0	0.000	0	0	0	0.000	0	0.000	0	72	72	78	1.000000	1.000000	1	0.000
NC_037131.1_1484_1917_9:0:0_11:0:0_bbc	-1	150	13.000	NC_039553.1	1782	1	10	2S36M1D3M1I29M79S	0	0	1	0	0	0	0.000	0	0	0	0.000	0	0.000	2	79	81	71	1.000000	1.000000	1	0.000
NC_037131.1_1777_2321_6:0:0_4:0:0_5f5	-1	150	13.000	NC_039553.1	1789	0	11	96M54S	0	0	1	0	0	0	0.000	0	0	0	0.000	0	0.000	0	54	54	96	1.000000	1.000000	1	1.000
NC_037131.1_1645_2110_2:0:0_7:0:0_6e1	-1	150	13.000	NC_039553.1	1974	1	28	76M6D4M6I64M	0	0	1	0	0	0	0.000	0	0	0	0.000	0	0.000	0	0	0	75	0.957742	0.957143	0	0.000
NC_037131.1_1934_2447_9:0:0_8:0:0_b3c	-1	150	13.000	NC_039553.1	1975	0	6	28S74M2D5M2I41M	0	0	1	0	0	0	0.000	0	0	0	0.000	0	0.000	28	0	28	28	1.000000	1.000000	0	0.000
NC_037131.1_1892_2397_7:0:0_8:0:0_5a3	-1	150	13.000	NC_039553.1	1975	0	3	70S37M43S	0	0	1	0	0	0	0.000	0	0	0	0.000	0	0.000	70	43	113	70	1.000000	1.000000	0	0.000
chimera_1_A14757-15004_B15892-15943_MH4_29600_30050_0:0:0_0:0:0_30	-1	150	40.000	NC_039553.1	1975	0	1	116S34M	0	0	1	0	0	0	0.000	0	0	0	0.000	0	0.000	116	0	116	116	1.000000	1.000000	0	0.000
NC_037131.1_1887_2386_7:0:0_11:0:0_475	-1	150	13.000	NC_039553.1	1975	0	1	75S75M	0	0	1	0	0	0	0.000	0	0	0	0.000	0	0.000	75	0	75	75	0.985914	0.985714	0	0.000
NC_037131.1_1932_2414_5:0:0_11:0:0_63d	-1	150	13.000	NC_039553.1	1975	0	18	30S120M	0	0	1	0	0	0	0.000	0	0	0	0.000	0	0.000	30	0	30	30	1.000000	1.000000	0	0.000
NC_037131.1_1903_2392_8:0:0_8:0:0_72c	-1	150	13.000	NC_039553.1	1975	0	9	59S72M19S	0	0	1	0	0	0	0.000	0	0	0	0.000	0	0.000	59	19	78	59	0.957892	0.956500	0	0.000
NC_037131.1_1863_2346_6:0:0_7:0:0_97f	-1	150	13.000	NC_039553.1	1975	0	21	99S38M13S	0	0	1	0	0	0	0.000	0	0	0	0.000	0	0.000	99	13	112	99	0.969904	0.970425	0	0.000
NC_037131.1_1881_2378_7:0:0_10:0:0_231	-1	150	13.000	NC_039553.1	1975	0	4	81S69M	0	0	1	0	0	0	0.000	0	0	0	0.000	0	0.000	81	0	81	81	0.985847	0.985685	0	0.000
NC_037131.1_1895_2474_5:0:0_8:0:0_a32	-1	150	13.000	NC_039553.1	1975	0	11	67S75M8S	0	0	1	0	0	0	0.000	0	0	0	0.000	0	0.000	67	8	75	67	0.943386	0.942648	0	0.000
NC_037131.1_1594_2033_9:0:0_5:0:0_2d4	-1	150	13.000	NC_039553.1	1975	1	33	78S72M	0	0	1	0	0	0	0.000	0	0	0	0.000	0	0.000	78	0	78	78	1.000000	1.000000	0	0.000
NC_037131.1_1561_2057_7:0:0_6:0:0_bc5	-1	150	13.000	NC_039553.1	1975	1	23	54S75M21S	0	0	1	0	0	0	0.000	0	0	0	0.000	0	0.000	54	21	75	54	0.985186	0.985336	0	0.000
NC_037131.1_1505_1987_6:0:0_8:0:0_41c	-1	150	13.000	NC_039553.1	1975	1	9	124S26M	0	0	1	0	0	0	0.000	0	0	0	0.000	0	0.000	124	0	124	124	1.000000	1.000000	0	0.000
NC_037131.1_1527_2032_9:0:0_2:0:0_1f8	-1	150	13.000	NC_039553.1	1975	1	24	79S71M	0	0	1	0	0	0	0.000	0	0	0	0.000	0	0.000	79	0	79	79	1.000000	1.000000	0	0.000
chimera_1_A14757-15004_B15892-15943_MH4_33572_34138_0:0:0_0:0:0_35	-1	150	40.000	NC_039553.1	1975	1	60	5S145M	0	0	1	0	0	0	0.000	0	0	0	0.000	0	0.000	5	0	5	5	0.000000	0.500000	0	0.000
NC_037131.1_1485_2067_8:0:0_8:0:0_acd	-1	150	13.000	NC_039553.1	1975	1	10	44S106M	0	0	1	0	0	0	0.000	0	0	0	0.000	0	0.000	44	0	44	44	0.937492	0.939330	0	0.000
NC_037131.1_1624_2069_3:0:0_5:0:0_9aa	-1	150	13.000	NC_039553.1	1975	1	16	42S108M	0	0	1	0	0	0	0.000	0	0	0	0.000	0	0.000	42	0	42	42	1.000000	1.000000	0	0.000
NC_037131.1_1552_2052_6:0:0_5:0:0_1a0	-1	150	13.000	NC_039553.1	1975	1	23	59S75M16S	0	0	1	0	0	0	0.000	0	0	0	0.000	0	0.000	59	16	75	59	1.000000	1.000000	0	0.000
NC_037131.1_1593_2073_1:0:0_7:0:0_710	-1	150	13.000	NC_039553.1	1975	1	40	38S112M	0	0	1	0	0	0	0.000	0	0	0	0.000	0	0.000	38	0	38	38	1.000000	1.000000	0	0.000
NC_037131.1_1510_2049_6:0:0_5:0:0_b0f	-1	150	13.000	NC_039553.1	1975	1	22	62S75M13S	0	0	1	0	0	0	0.000	0	0	0	0.000	0	0.000	62	13	75	62	1.000000	1.000000	0	0.000
NC_037131.1_1552_2026_9:0:0_6:0:0_301	-1	150	13.000	NC_039553.1	1975	1	20	85S65M	0	0	1	0	0	0	0.000	0	0	0	0.000	0	0.000	85	0	85	85	0.985743	0.985632	0	0.000
NC_037131.1_1451_1994_11:0:0_8:0:0_74b	-1	150	13.000	NC_039553.1	1975	1	1	117S33M	0	0	1	0	0	0	0.000	0	0	0	0.000	0	0.000	117	0	117	117	0.982453	0.983886	0	0.000
NC_037131.1_1575_2025_7:0:0_7:0:0_745	-1	150	13.000	NC_039553.1	1975	1	21	86S64M	0	0	1	0	0	0	0.000	0	0	0	0.000	0	0.000	86	0	86	86	0.986335	0.985615	0	0.000
NC_037131.1_1615_2102_7:0:0_6:0:0_964	-1	150	13.000	NC_039553.1	1975	1	38	9S132M9S	0	0	1	0	0	0	0.000	0	0	0	0.000	0	0.000	9	9	18	9	1.000000	1.000000	0	0.000
NC_037131.1_1963_2361_9:0:0_7:0:0_115	-1	150	13.000	NC_039553.1	1976	0	12	74M6D4M6I66M	0	0	1	0	0	0	0.000	0	0	0	0.000	0	0.000	0	0	0	75	0.958869	0.957143	1	0.000
NC_037131.1_1963_2429_9:0:0_6:0:0_b4c	-1	150	13.000	NC_039553.1	1976	0	6	150M	0	0	1	0	0	0	0.000	0	0	0	0.000	0	0.000	0	0	0	75	0.986482	0.985714	1	0.000
NC_037131.1_1589_2112_12:0:0_5:0:0_853	-1	150	13.000	NC_039553.1	1976	1	27	150M	0	0	1	0	0	0	0.000	0	0	0	0.000	0	0.000	0	0	0	75	0.917801	0.932073	1	0.000
NC_037131.1_1964_2509_5:0:0_6:0:0_725	-1	150	13.000	NC_039553.1	1977	0	17	72M2D5M2I71M	0	0	1	0	0	0	0.000	0	0	0	0.000	0	0.000	0	0	0	75	1.000000	1.000000	0	0.000
NC_037131.1_1621_2066_8:0:0_6:0:0_38	-1	150	13.000	NC_039553.1	1980	1	12	50S100M	0	0	1	0	0	0	0.000	0	0	0	0.000	0	0.000	50	0	50	50	1.000000	1.000000	0	0.000
NC_037131.1_1623_2116_10:0:0_5:0:0_8ed	-1	150	13.000	NC_039553.1	1980	1	37	150M	0	0	1	0	0	0	0.000	0	0	0	0.000	0	0.000	0	0	0	75	0.986801	0.985714	0	0.000
NC_037131.1_1969_2427_4:0:0_6:0:0_616	-1	150	13.000	NC_039553.1	1982	0	12	150M	0	0	1	0	0	0	0.000	0	0	0	0.000	0	0.000	0	0	0	75	0.932408	0.928571	0	0.000
NC_037131.1_1970_2513_9:0:0_9:0:0_9d7	-1	150	13.000	NC_039553.1	1983	0	29	30M1I2M1D34M6D4M6I73M	0	0	1	0	0	0	0.000	0	0	0	0.000	0	0.000	0	0	0	75	0.958317	0.957143	1	0.000
NC_037131.1_1968_2507_6:0:0_5:0:0_13f	-1	150	13.000	NC_039553.1	1986	0	26	5S145M	0	0	1	0	0	0	0.000	0	0	0	0.000	0	0.000	5	0	5	5	0.000000	0.500000	2	0.000
NC_037131.1_1624_2126_11:0:0_8:0:0_791	-1	150	13.000	NC_039553.1	1990	1	11	60M6D4M6I80M	0	0	1	0	0	0	0.000	0	0	0	0.000	0	0.000	0	0	0	75	0.943656	0.942857	0	0.000
NC_037131.1_1585_2130_7:0:0_8:0:0_7e4	-1	150	13.000	NC_039553.1	1994	1	8	150M	0	0	1	0	0	0	0.000	0	0	0	0.000	0	0.000	0	0	0	75	0.943656	0.942857	0	0.000
NC_037131.1_1983_2505_3:0:0_7:0:0_bb7	-1	150	13.000	NC_039553.1	1996	0	55	150M	0	0	1	0	0	0	0.000	0	0	0	0.000	0	0.000	0	0	0	75	0.959996	0.957143	1	1.000
NC_037131.1_1983_2492_4:0:0_10:0:0_2a1	-1	150	13.000	NC_039553.1	1996	0	4	54M6D4M6I86M	0	0	1	0	0	0	0.000	0	0	0	0.000	0	0.000	0	0	0	75	0.974929	0.971429	1	1.000
NC_037131.1_1618_2132_9:0:0_7:0:0_413	-1	150	13.000	NC_039553.1	1996	1	33	54M6D4M6I86M	0	0	1	0	0	0	0.000	0	0	0	0.000	0	0.000	0	0	0	75	0.972963	0.971429	1	1.000
chimera_1_A14757-15004_B15892-15943_MH4_63219_63787_0:0:0_0:0:0_78	-1	150	40.000	NC_039553.1	1999	0	60	150M	0	0	1	0	0	0	0.000	0	0	0	0.000	0	0.000	0	0	0	75	0.972973	0.971429	1	1.000
NC_037131.1_1987_2532_6:0:0_8:0:0_601	-1	150	13.000	NC_039553.1	2000	0	31	50M6D4M6I90M	0	0	1	0	0	0	0.000	0	0	0	0.000	0	0.000	0	0	0	75	1.000000	1.000000	0	0.000
NC_037131.1_1572_2107_11:0:0_11:0:0_968	-1	150	13.000	NC_039553.1	2003	1	9	32S118M	0	0	1	0	0	0	0.000	0	0	0	0.000	0	0.000	32	0	32	32	1.000000	1.000000	0	0.000
NC_037131.1_1639_2154_5:0:0_11:0:0_77a	-1	150	13.000	NC_039553.1	2018	1	11	31M6D5M6I108M	0	0	1	0	0	0	0.000	0	0	0	0.000	0	0.000	0	0	0	75	1.000000	1.000000	1	0.000
NC_037131.1_2000_2587_5:0:0_6:0:0_c1	-1	150	13.000	NC_039553.1	2020	0	34	7S143M	0	0	1	0	0	0	0.000	0	0	0	0.000	0	0.000	7	0	7	7	1.000000	1.000000	0	0.000
NC_037131.1_1626_2148_5:0:0_9:0:0_10e	-1	150	13.000	NC_039553.1	2020	1	60	8S30M6D4M6I102M	0	0	1	0	0	0	0.000	0	0	0	0.000	0	0.000	8	0	8	8	1.000000	1.000000	0	0.000
NC_037131.1_2002_2444_6:0:0_15:0:0_4c9	-1	150	13.000	NC_039553.1	2021	0	13	6S144M	0	0	1	0	0	0	0.000	0	0	0	0.000	0	0.000	6	0	6	6	0.915785	0.969184	1	1.000
NC_037131.1_1680_2162_11:0:0_7:0:0_10f	-1	150	13.000	NC_039553.1	2026	1	60	150M	0	0	1	0	0	0	0.000	0	0	0	0.000	0	0.000	0	0	0	75	0.986300	0.985714	1	1.000
NC_037131.1_1632_2162_11:0:0_7:0:0_3fd	-1	150	13.000	NC_039553.1	2026	1	24	24M6D4M6I116M	0	0	1	0	0	0	0.000	0	0	0	0.000	0	0.000	0	0	0	75	0.958317	0.957143	0	0.000
NC_037131.1_2018_2550_5:0:0_4:0:0_a8f	-1	150	13.000	NC_039553.1	2031	0	32	19M6D4M6I121M	0	0	1	0	0	0	0.000	0	0	0	0.000	0	0.000	0	0	0	75	0.985714	0.985714	0	0.000
NC_037131.1_1615_2168_7:0:0_4:0:0_880	-1	150	13.000	NC_039553.1	2032	1	43	150M	0	0	1	0	0	0	0.000	0	0	0	0.000	0	0.000	0	0	0	75	0.943656	0.942857	0	0.000
chimera_1_A14757-15004_B15892-15943_MH4_241403_241884_0:0:0_0:0:0_25	-1	150	40.000	NC_039553.1	2060	1	60	22S120M8S	0	0	1	0	0	0	0.000	0	0	0	0.000	0	0.000	22	8	30	22	1.000000	1.000000	0	0.000
NC_037131.1_1699_2176_5:0:0_6:0:0_3ef	-1	150	13.000	NC_039553.1	2060	1	4	20S120M10S	0	0	1	0	0	0	0.000	0	0	0	0.000	0	0.000	20	10	30	20	1.000000	1.000000	0	0.000
chimera_1_A14757-15004_B15892-15943_MH4_313563_314071_0:0:0_0:0:0_4b	-1	150	40.000	NC_039553.1	2060	1	60	19S131M	0	0	1	0	0	0	0.000	0	0	0	0.000	0	0.000	19	0	19	19	1.000000	1.000000	0	0.000
NC_037131.1_1629_2173_7:0:0_7:0:0_48b	-1	150	13.000	NC_039553.1	2060	1	1	23S120M7S	0	0	1	0	0	0	0.000	0	0	0	0.000	0	0.000	23	7	30	23	1.000000	1.000000	0	0.000
NC_037131.1_1700_2167_8:0:0_8:0:0_3f0	-1	150	13.000	NC_039553.1	2060	1	30	29S121M	0	0	1	0	0	0	0.000	0	0	0	0.000	0	0.000	29	0	29	29	0.981209	0.983381	0	0.000
NC_037131.1_2037_2529_5:0:0_8:0:0_694	-1	150	13.000	NC_039553.1	2061	0	47	11S139M	0	0	1	0	0	0	0.000	0	0	0	0.000	0	0.000	11	0	11	11	1.000000	1.000000	0	0.000
NC_037131.1_1733_2165_4:0:0_4:0:0_a89	-1	150	13.000	NC_039553.1	2062	1	60	33S117M	0	0	1	0	0	0	0.000	0	0	0	0.000	0	0.000	33	0	33	33	0.982453	0.983886	2	0.500
NC_037131.1_2043_2542_10:0:0_4:0:0_681	-1	150	13.000	NC_039553.1	2064	0	30	8S142M	0	0	1	0	0	0	0.000	0	0	0	0.000	0	0.000	8	0	8	8	1.000000	1.000000	0	0.000
NC_037131.1_2053_2541_9:0:0_10:0:0_6e3	-1	150	13.000	NC_039553.1	2066	0	30	150M	0	0	1	0	0	0	0.000	0	0	0	0.000	0	0.000	0	0	0	75	0.985914	0.985714	0	0.000
NC_037131.1_1757_2202_3:0:0_3:0:0_716	-1	150	13.000	NC_039553.1	2066	1	38	150M	0	0	1	0	0	0	0.000	0	0	0	0.000	0	0.000	0	0	0	75	0.985914	0.985714	0	0.000
NC_037131.1_2058_2638_7:0:0_12:0:0_6dc	-1	150	13.000	NC_039553.1	2071	0	31	150M	0	0	1	0	0	0	0.000	0	0	0	0.000	0	0.000	0	0	0	75	0.918800	0.923179	0	0.000
NC_037131.1_1699_2208_6:0:0_9:0:0_87b	-1	150	13.000	NC_039553.1	2072	1	30	150M	0	0	1	0	0	0	0.000	0	0	0	0.000	0	0.000	0	0	0	75	1.000000	1.000000	1	0.000
NC_037131.1_2061_2517_10:0:0_5:0:0_815	-1	150	13.000	NC_039553.1	2074	0	13	150M	0	0	1	0	0	0	0.000	0	0	0	0.000	0	0.000	0	0	0	75	0.985914	0.985714	0	0.000
NC_037131.1_1650_2211_13:0:0_6:0:0_464	-1	150	13.000	NC_039553.1	2075	1	12	150M	0	0	1	0	0	0	0.000	0	0	0	0.000	0	0.000	0	0	0	75	0.971828	0.971429	0	0.000
NC_037131.1_2065_2582_8:0:0_8:0:0_ba5	-1	150	13.000	NC_039553.1	2078	0	19	150M	0	0	1	0	0	0	0.000	0	0	0	0.000	0	0.000	0	0	0	75	0.957143	0.957143	2	0.500
NC_037131.1_2065_2540_11:0:0_7:0:0_677	-1	150	13.000	NC_039553.1	2078	0	4	150M	0	0	1	0	0	0	0.000	0	0	0	0.000	0	0.000	0	0	0	75	1.000000	1.000000	0	0.000
NC_037131.1_2072_2508_8:0:0_7:0:0_80e	-1	150	13.000	NC_039553.1	2085	0	12	150M	0	0	1	0	0	0	0.000	0	0	0	0.000	0	0.000	0	0	0	75	0.985714	0.985714	0	0.000
chimera_1_A14757-15004_B15892-15943_MH4_287645_288137_0:0:0_0:0:0_10	-1	150	40.000	NC_039553.1	2093	1	11	77S73M	0	0	1	0	0	0	0.000	0	0	0	0.000	0	0.000	77	0	77	77	0.943250	0.951493	0	0.000
NC_037131.1_1696_2229_6:0:0_8:0:0_2f9	-1	150	13.000	NC_039553.1	2093	1	2	150M	0	0	1	0	0	0	0.000	0	0	0	0.000	0	0.000	0	0	0	75	0.957143	0.957143	0	0.000
NC_037131.1_2081_2565_6:0:0_14:0:0_555	-1	150	13.000	NC_039553.1	2094	0	2	143M7S	0	0	1	0	0	0	0.000	0	0	0	0.000	0	0.000	0	7	7	143	1.000000	1.000000	0	0.000
NC_037131.1_2084_2519_4:0:0_10:0:0_186	-1	150	13.000	NC_039553.1	2097	0	22	150M	0	0	1	0	0	0	0.000	0	0	0	0.000	0	0.000	0	0	0	75	0.971429	0.971429	1	0.000
NC_037131.1_2087_2568_7:0:0_9:0:0_a3b	-1	150	13.000	NC_039553.1	2100	0	22	79M1I4M1D66M	0	0	1	0	0	0	0.000	0	0	0	0.000	0	0.000	0	0	0	75	0.945200	0.951751	0	0.000
NC_037131.1_2095_2548_3:0:0_10:0:0_4f0	-1	150	13.000	NC_039553.1	2111	0	60	3S147M	0	0	1	0	0	0	0.000	0	0	0	0.000	0	0.000	3	0	3	3	0.000000	0.500000	1	0.000
NC_037131.1_2086_2629_7:0:0_8:0:0_29c	-1	150	13.000	NC_039553.1	2112	0	58	13S137M	0	0	1	0	0	0	0.000	0	0	0	0.000	0	0.000	13	0	13	13	1.000000	1.000000	1	0.000
NC_037131.1_2102_2616_5:0:0_8:0:0_5b1	-1	150	13.000	NC_039553.1	2115	0	60	150M	0	0	1	0	0	0	0.000	0	0	0	0.000	0	0.000	0	0	0	75	0.985714	0.985714	2	0.500
NC_037131.1_2105_2612_8:0:0_8:0:0_66c	-1	150	13.000	NC_039553.1	2118	0	51	150M	0	0	1	0	0	0	0.000	0	0	0	0.000	0	0.000	0	0	0	75	0.985914	0.985714	2	0.000
NC_037131.1_1757_2256_4:0:0_6:0:0_b4a	-1	150	13.000	NC_039553.1	2120	1	13	150M	0	0	1	0	0	0	0.000	0	0	0	0.000	0	0.000	0	0	0	75	0.971828	0.971429	2	0.000
NC_037131.1_1711_2260_4:0:0_7:0:0_564	-1	150	13.000	NC_039553.1	2124	1	54	150M	0	0	1	0	0	0	0.000	0	0	0	0.000	0	0.000	0	0	0	75	0.944423	0.942857	0	0.000
NC_037131.1_1736_2264_8:0:0_4:0:0_118	-1	150	13.000	NC_039553.1	2128	1	30	150M	0	0	1	0	0	0	0.000	0	0	0	0.000	0	0.000	0	0	0	75	0.957143	0.957143	0	0.000
NC_037131.1_1652_2264_4:0:0_6:0:0_8b6	-1	150	13.000	NC_039553.1	2128	1	2	150M	0	0	1	0	0	0	0.000	0	0	0	0.000	0	0.000	0	0	0	75	0.957742	0.957143	0	0.000
NC_037131.1_2125_2564_8:0:0_9:0:0_b59	-1	150	13.000	NC_039553.1	2138	0	46	150M	0	0	1	0	0	0	0.000	0	0	0	0.000	0	0.000	0	0	0	75	0.972580	0.971429	0	0.000
NC_037131.1_1786_2277_5:0:0_5:0:0_5e5	-1	150	13.000	NC_039553.1	2141	1	60	145M5S	0	0	1	0	0	0	0.000	0	0	0	0.000	0	0.000	0	5	5	145	0.000000	0.500000	2	1.000
NC_037131.1_1769_2284_5:0:0_5:0:0_89a	-1	150	13.000	NC_039553.1	2148	1	13	140M10S	0	0	1	0	0	0	0.000	0	0	0	0.000	0	0.000	0	10	10	140	1.000000	1.000000	1	1.000
NC_037131.1_1766_2292_10:0:0_8:0:0_37f	-1	150	13.000	NC_039553.1	2156	1	25	134M16S	0	0	1	0	0	0	0.000	0	0	0	0.000	0	0.000	0	16	16	134	1.000000	1.000000	1	0.000
NC_037131.1_2145_2648_8:0:0_11:0:0_2f3	-1	150	13.000	NC_039553.1	2158	0	49	132M18S	0	0	1	0	0	0	0.000	0	0	0	0.000	0	0.000	0	18	18	132	0.950778	0.962186	1	0.000
NC_037131.1_1840_2298_4:0:0_2:0:0_3e7	-1	150	13.000	NC_039553.1	2162	1	60	128M22S	0	0	1	0	0	0	0.000	0	0	0	0.000	0	0.000	0	22	22	128	0.978131	0.982142	1	0.000
chimera_1_A14757-15004_B15892-15943_MH4_22520_23001_0:0:0_0:0:0_68	-1	150	40.000	NC_039553.1	2164	1	12	58S92M	0	0	1	0	0	0	0.000	0	0	0	0.000	0	0.000	58	0	58	58	1.000000	1.000000	0	0.000
NC_037131.1_2152_2640_9:0:0_10:0:0_487	-1	150	13.000	NC_039553.1	2165	0	21	125M25S	0	0	1	0	0	0	0.000	0	0	0	0.000	0	0.000	0	25	25	125	1.000000	1.000000	1	0.000
NC_037131.1_1769_2303_7:0:0_4:0:0_29e	-1	150	13.000	NC_039553.1	2167	1	27	123M27S	0	0	1	0	0	0	0.000	0	0	0	0.000	0	0.000	0	27	27	123	0.961075	0.966163	1	0.000
NC_037131.1_2170_2602_3:0:0_7:0:0_67d	-1	150	13.000	NC_039553.1	2183	0	60	107M43S	0	0	1	0	0	0	0.000	0	0	0	0.000	0	0.000	0	43	43	107	0.951813	0.954299	1	0.000
NC_037131.1_2162_2692_12:0:0_6:0:0_291	-1	150	13.000	NC_039553.1	2184	0	53	9S106M35S	0	0	1	0	0	0	0.000	0	0	0	0.000	0	0.000	9	35	44	115	0.982748	0.984099	1	0.000
NC_037131.1_2161_2621_9:0:0_10:0:0_919	-1	150	13.000	NC_039553.1	2184	0	4	10S104M36S	0	0	1	0	0	0	0.000	0	0	0	0.000	0	0.000	10	36	46	114	0.982797	0.984198	0	0.000
NC_037131.1_2172_2649_6:0:0_7:0:0_36	-1	150	13.000	NC_039553.1	2185	0	46	105M45S	0	0	1	0	0	0	0.000	0	0	0	0.000	0	0.000	0	45	45	105	0.938570	0.939582	1	0.000
NC_037131.1_1777_2321_6:0:0_4:0:0_5f5	-1	150	13.000	NC_039553.1	2185	1	12	105M45S	0	0	1	0	0	0	0.000	0	0	0	0.000	0	0.000	0	45	45	105	0.968377	0.969791	1	0.000
NC_037131.1_1946_2332_10:0:0_8:0:0_59a	-1	150	13.000	NC_039553.1	2196	1	11	94M56S	0	0	1	0	0	0	0.000	0	0	0	0.000	0	0.000	0	56	56	94	0.940628	0.941632	0	0.000
NC_037131.1_1772_2334_3:0:0_8:0:0_60d	-1	150	13.000	NC_039553.1	2198	1	15	82M68S	0	0	1	0	0	0	0.000	0	0	0	0.000	0	0.000	0	68	68	82	1.000000	1.000000	1	0.000
NC_037131.1_2190_2718_4:0:0_7:0:0_b04	-1	150	13.000	NC_039553.1	2203	0	27	87M63S	0	0	1	0	0	0	0.000	0	0	0	0.000	0	0.000	0	63	63	87	0.957230	0.956786	1	0.000
NC_037131.1_2195_2654_9:0:0_11:0:0_a07	-1	150	13.000	NC_039553.1	2208	0	16	82M68S	0	0	1	0	0	0	0.000	0	0	0	0.000	0	0.000	0	68	68	82	0.985825	0.985674	1	0.000
NC_037131.1_1863_2346_6:0:0_7:0:0_97f	-1	150	13.000	NC_039553.1	2210	1	18	80M70S	0	0	1	0	0	0	0.000	0	0	0	0.000	0	0.000	0	70	70	80	0.985865	0.985694	1	0.000
NC_037131.1_2207_2698_4:0:0_5:0:0_b54	-1	150	13.000	NC_039553.1	2220	0	56	70M80S	0	0	1	0	0	0	0.000	0	0	0	0.000	0	0.000	0	80	80	70	0.929325	0.928470	1	0.000
NC_037131.1_1881_2378_7:0:0_10:0:0_231	-1	150	13.000	NC_039553.1	2242	1	4	45M105S	0	0	1	0	0	0	0.000	0	0	0	0.000	0	0.000	0	105	105	45	0.938570	0.939582	0	0.000
NC_037131.1_1903_2392_8:0:0_8:0:0_72c	-1	150	13.000	NC_039553.1	2256	1	8	34M116S	0	0	1	0	0	0	0.000	0	0	0	0.000	0	0.000	0	116	116	34	0.929498	0.935981	1	0.000
NC_037131.1_1892_2397_7:0:0_8:0:0_5a3	-1	150	13.000	NC_039553.1	2261	1	3	29M121S	0	0	1	0	0	0	0.000	0	0	0	0.000	0	0.000	0	121	121	29	0.944098	0.950143	1	0.000
NC_037131.1_2348_2858_7:0:0_6:0:0_1bd	-1	150	13.000	NC_039553.1	2407	0	11	47S103M	0	0	1	0	0	0	0.000	0	0	0	0.000	0	0.000	47	0	47	47	0.985106	0.985012	1	0.000
NC_037131.1_1964_2509_5:0:0_6:0:0_725	-1	150	13.000	NC_039553.1	2407	1	15	35S115M	0	0	1	0	0	0	0.000	0	0	0	0.000	0	0.000	35	0	35	35	0.948245	0.952298	0	0.000
NC_037131.1_2095_2548_3:0:0_10:0:0_4f0	-1	150	13.000	NC_039553.1	2411	1	50	47M1D2M1I100M	0	0	1	0	0	0	0.000	0	0	0	0.000	0	0.000	0	0	0	75	1.000000	1.000000	0	0.000
NC_037131.1_2363_2891_4:0:0_2:0:0_77f	-1	150	13.000	NC_039553.1	2413	0	24	38S112M	0	0	1	0	0	0	0.000	0	0	0	0.000	0	0.000	38	0	38	38	0.983171	0.984382	0	0.000
NC_037131.1_1983_2505_3:0:0_7:0:0_bb7	-1	150	13.000	NC_039553.1	2413	1	46	45S105M	0	0	1	0	0	0	0.000	0	0	0	0.000	0	0.000	45	0	45	45	0.984189	0.984895	0	0.000
NC_037131.1_2018_2550_5:0:0_4:0:0_a8f	-1	150	13.000	NC_039553.1	2413	1	38	150M	0	0	1	0	0	0	0.000	0	0	0	0.000	0	0.000	0	0	0	75	0.985714	0.985714	1	1.000
NC_037131.1_2373_2881_6:0:0_6:0:0_2ad	-1	150	13.000	NC_039553.1	2421	0	1	36S35M2I2M2D75M	0	0	1	0	0	0	0.000	0	0	0	0.000	0	0.000	36	0	36	36	0.982953	0.984198	0	0.000
NC_037131.1_1968_2507_6:0:0_5:0:0_13f	-1	150	13.000	NC_039553.1	2421	1	28	51S91M8S	0	0	1	0	0	0	0.000	0	0	0	0.000	0	0.000	51	8	59	51	0.969585	0.970425	0	0.000
NC_037131.1_2125_2564_8:0:0_9:0:0_b59	-1	150	13.000	NC_039553.1	2427	1	41	150M	0	0	1	0	0	0	0.000	0	0	0	0.000	0	0.000	0	0	0	75	0.985714	0.985714	0	0.000
NC_037131.1_2084_2559_7:0:0_3:0:0_44c	-1	150	13.000	NC_039553.1	2427	1	37	5S145M	0	0	1	0	0	0	0.000	0	0	0	0.000	0	0.000	5	0	5	5	0.000000	0.500000	0	0.000
NC_037131.1_2087_2568_7:0:0_9:0:0_a3b	-1	150	13.000	NC_039553.1	2431	1	19	145M5S	0	0	1	0	0	0	0.000	0	0	0	0.000	0	0.000	0	5	5	145	0.000000	0.500000	1	1.000
NC_037131.1_2426_2827_6:0:0_9:0:0_269	-1	150	13.000	NC_039553.1	2438	0	60	150M	0	0	1	0	0	0	0.000	0	0	0	0.000	0	0.000	0	0	0	75	1.000000	1.000000	0	0.000
chimera_1_A14757-15004_B15892-15943_MH4_257574_258110_0:0:0_0:0:0_36	-1	150	40.000	NC_039553.1	2443	0	21	95M55S	0	0	1	0	0	0	0.000	0	0	0	0.000	0	0.000	0	55	55	95	0.940372	0.941493	0	0.000
NC_037131.1_2400_2966_9:0:0_6:0:0_183	-1	150	13.000	NC_039553.1	2444	0	12	32S118M	0	0	1	0	0	0	0.000	0	0	0	0.000	0	0.000	32	0	32	32	1.000000	1.000000	0	0.000
NC_037131.1_2061_2517_10:0:0_5:0:0_815	-1	150	13.000	NC_039553.1	2444	1	12	64S86M	0	0	1	0	0	0	0.000	0	0	0	0.000	0	0.000	64	0	64	64	0.971069	0.971229	0	0.000
NC_037131.1_2043_2542_10:0:0_4:0:0_681	-1	150	13.000	NC_039553.1	2444	1	36	39S111M	0	0	1	0	0	0	0.000	0	0	0	0.000	0	0.000	39	0	39	39	1.000000	1.000000	0	0.000
NC_037131.1_2065_2582_8:0:0_8:0:0_ba5	-1	150	13.000	NC_039553.1	2445	1	19	150M	0	0	1	0	0	0	0.000	0	0	0	0.000	0	0.000	0	0	0	75	0.971828	0.971429	0	0.000
NC_037131.1_1988_2588_11:0:0_7:0:0_b02	-1	150	13.000	NC_039553.1	2451	1	48	150M	0	0	1	0	0	0	0.000	0	0	0	0.000	0	0.000	0	0	0	75	1.000000	1.000000	2	0.500
NC_037131.1_2446_2893_5:0:0_3:0:0_6fe	-1	150	13.000	NC_039553.1	2458	0	41	150M	0	0	1	0	0	0	0.000	0	0	0	0.000	0	0.000	0	0	0	75	0.985714	0.985714	1	0.000
NC_037131.1_2447_2967_9:0:0_6:0:0_b82	-1	150	13.000	NC_039553.1	2459	0	2	150M	0	0	1	0	0	0	0.000	0	0	0	0.000	0	0.000	0	0	0	75	0.985714	0.985714	1	0.000
NC_037131.1_2439_2920_9:0:0_6:0:0_59	-1	150	13.000	NC_039553.1	2459	0	39	8S142M	0	0	1	0	0	0	0.000	0	0	0	0.000	0	0.000	8	0	8	8	0.951030	0.974557	1	0.000
NC_037131.1_2443_2995_6:0:0_9:0:0_226	-1	150	13.000	NC_039553.1	2459	0	27	4S146M	0	0	1	0	0	0	0.000	0	0	0	0.000	0	0.000	4	0	4	4	0.000000	0.500000	1	0.000
NC_037131.1_2406_2859_11:0:0_6:0:0_8a	-1	150	13.000	NC_039553.1	2459	0	18	41S109M	0	0	1	0	0	0	0.000	0	0	0	0.000	0	0.000	41	0	41	41	0.983657	0.984624	1	0.000
NC_037131.1_1983_2492_4:0:0_10:0:0_2a1	-1	150	13.000	NC_039553.1	2459	1	4	104S46M	0	0	1	0	0	0	0.000	0	0	0	0.000	0	0.000	104	0	104	104	0.968608	0.969910	1	0.000
NC_037131.1_1987_2532_6:0:0_8:0:0_601	-1	150	13.000	NC_039553.1	2459	1	27	64S86M	0	0	1	0	0	0	0.000	0	0	0	0.000	0	0.000	64	0	64	64	0.971069	0.971229	1	0.000
NC_037131.1_2037_2529_5:0:0_8:0:0_694	-1	150	13.000	NC_039553.1	2459	1	46	67S83M	0	0	1	0	0	0	0.000	0	0	0	0.000	0	0.000	67	0	67	67	0.986063	0.985662	1	0.000
NC_037131.1_2039_2568_13:0:0_7:0:0_3f6	-1	150	13.000	NC_039553.1	2459	1	60	28S122M	0	0	1	0	0	0	0.000	0	0	0	0.000	0	0.000	28	0	28	28	1.000000	1.000000	1	0.000
NC_037131.1_2053_2541_9:0:0_10:0:0_6e3	-1	150	13.000	NC_039553.1	2459	1	29	55S67M2I6M2D20M	0	0	1	0	0	0	0.000	0	0	0	0.000	0	0.000	55	0	55	55	0.985093	0.985373	1	0.000
NC_037131.1_2000_2587_5:0:0_6:0:0_c1	-1	150	13.000	NC_039553.1	2459	1	32	9S141M	0	0	1	0	0	0	0.000	0	0	0	0.000	0	0.000	9	0	9	9	1.000000	1.000000	1	0.000
NC_037131.1_2406_2896_10:0:0_4:0:0_239	-1	150	13.000	NC_039553.1	2461	0	4	43S107M	0	0	1	0	0	0	0.000	0	0	0	0.000	0	0.000	43	0	43	43	0.983938	0.984766	0	0.000
NC_037131.1_2065_2540_11:0:0_7:0:0_677	-1	150	13.000	NC_039553.1	2462	1	4	59S91M	0	0	1	0	0	0	0.000	0	0	0	0.000	0	0.000	59	0	59	59	0.970652	0.971000	0	0.000
NC_037131.1_1970_2513_9:0:0_9:0:0_9d7	-1	150	13.000	NC_039553.1	2464	1	27	88S62M	0	0	1	0	0	0	0.000	0	0	0	0.000	0	0.000	88	0	88	88	0.971267	0.971148	0	0.000
NC_037131.1_2170_2602_3:0:0_7:0:0_67d	-1	150	13.000	NC_039553.1	2465	1	60	150M	0	0	1	0	0	0	0.000	0	0	0	0.000	0	0.000	0	0	0	75	0.985714	0.985714	1	1.000
NC_037131.1_2460_3015_9:0:0_4:0:0_3cf	-1	150	13.000	NC_039553.1	2472	0	20	150M	0	0	1	0	0	0	0.000	0	0	0	0.000	0	0.000	0	0	0	75	0.985714	0.985714	0	0.000
NC_037131.1_2440_3019_11:0:0_12:0:0_45f	-1	150	13.000	NC_039553.1	2474	0	48	22S128M	0	0	1	0	0	0	0.000	0	0	0	0.000	0	0.000	22	0	22	22	0.912525	0.928567	0	0.000
NC_037131.1_2463_3016_5:0:0_11:0:0_175	-1	150	13.000	NC_039553.1	2475	0	60	150M	0	0	1	0	0	0	0.000	0	0	0	0.000	0	0.000	0	0	0	75	0.985714	0.985714	1	1.000
NC_037131.1_2465_2884_7:0:0_9:0:0_6f8	-1	150	13.000	NC_039553.1	2477	0	60	150M	0	0	1	0	0	0	0.000	0	0	0	0.000	0	0.000	0	0	0	75	1.000000	1.000000	0	0.000
NC_037131.1_2105_2612_8:0:0_8:0:0_66c	-1	150	13.000	NC_039553.1	2478	1	59	3S147M	0	0	1	0	0	0	0.000	0	0	0	0.000	0	0.000	3	0	3	3	0.000000	0.500000	0	0.000
NC_037131.1_2102_2616_5:0:0_8:0:0_5b1	-1	150	13.000	NC_039553.1	2479	1	59	150M	0	0	1	0	0	0	0.000	0	0	0	0.000	0	0.000	0	0	0	75	0.985714	0.985714	0	0.000
NC_037131.1_2161_2621_9:0:0_10:0:0_919	-1	150	13.000	NC_039553.1	2484	1	4	150M	0	0	1	0	0	0	0.000	0	0	0	0.000	0	0.000	0	0	0	75	1.000000	1.000000	0	0.000
NC_037131.1_2474_2924_7:0:0_11:0:0_3c0	-1	150	13.000	NC_039553.1	2486	0	60	150M	0	0	1	0	0	0	0.000	0	0	0	0.000	0	0.000	0	0	0	75	0.985714	0.985714	0	0.000
NC_037131.1_2086_2629_7:0:0_8:0:0_29c	-1	150	13.000	NC_039553.1	2492	1	60	141M9S	0	0	1	0	0	0	0.000	0	0	0	0.000	0	0.000	0	9	9	141	1.000000	1.000000	1	1.000
NC_037131.1_2482_3018_6:0:0_6:0:0_bbb	-1	150	13.000	NC_039553.1	2494	0	60	150M	0	0	1	0	0	0	0.000	0	0	0	0.000	0	0.000	0	0	0	75	0.985714	0.985714	0	0.000
NC_037131.1_2484_3093_9:0:0_11:0:0_8bf	-1	150	13.000	NC_039553.1	2496	0	20	150M	0	0	1	0	0	0	0.000	0	0	0	0.000	0	0.000	0	0	0	75	0.985914	0.985714	0	0.000
NC_037131.1_2485_2989_8:0:0_12:0:0_92e	-1	150	13.000	NC_039553.1	2497	0	13	150M	0	0	1	0	0	0	0.000	0	0	0	0.000	0	0.000	0	0	0	75	0.971828	0.971429	1	1.000
NC_037131.1_2058_2638_7:0:0_12:0:0_6dc	-1	150	13.000	NC_039553.1	2501	1	33	150M	0	0	1	0	0	0	0.000	0	0	0	0.000	0	0.000	0	0	0	75	1.000000	1.000000	0	0.000
NC_037131.1_2152_2640_9:0:0_10:0:0_487	-1	150	13.000	NC_039553.1	2503	1	23	150M	0	0	1	0	0	0	0.000	0	0	0	0.000	0	0.000	0	0	0	75	1.000000	1.000000	0	0.000
NC_037131.1_2145_2648_8:0:0_11:0:0_2f3	-1	150	13.000	NC_039553.1	2511	1	47	150M	0	0	1	0	0	0	0.000	0	0	0	0.000	0	0.000	0	0	0	75	1.000000	1.000000	1	1.000
NC_037131.1_2172_2649_6:0:0_7:0:0_36	-1	150	13.000	NC_039553.1	2512	1	44	150M	0	0	1	0	0	0	0.000	0	0	0	0.000	0	0.000	0	0	0	75	1.000000	1.000000	0	0.000
NC_037131.1_2508_3025_4:0:0_11:0:0_afb	-1	150	13.000	NC_039553.1	2520	0	60	150M	0	0	1	0	0	0	0.000	0	0	0	0.000	0	0.000	0	0	0	75	1.000000	1.000000	0	0.000
NC_037131.1_2256_2658_8:0:0_8:0:0_20c	-1	150	13.000	NC_039553.1	2521	1	13	150M	0	0	1	0	0	0	0.000	0	0	0	0.000	0	0.000	0	0	0	75	1.000000	1.000000	1	0.000
NC_037131.1_2510_2985_3:0:0_7:0:0_a52	-1	150	13.000	NC_039553.1	2522	0	60	150M	0	0	1	0	0	0	0.000	0	0	0	0.000	0	0.000	0	0	0	75	1.000000	1.000000	0	0.000
NC_037131.1_2518_2984_4:0:0_7:0:0_740	-1	150	13.000	NC_039553.1	2530	0	60	150M	0	0	1	0	0	0	0.000	0	0	0	0.000	0	0.000	0	0	0	75	1.000000	1.000000	0	0.000
NC_037131.1_2518_3024_7:0:0_9:0:0_48	-1	150	13.000	NC_039553.1	2530	0	31	150M	0	0	1	0	0	0	0.000	0	0	0	0.000	0	0.000	0	0	0	75	1.000000	1.000000	1	0.000
NC_037131.1_2522_3010_6:0:0_9:0:0_112	-1	150	13.000	NC_039553.1	2534	0	60	150M	0	0	1	0	0	0	0.000	0	0	0	0.000	0	0.000	0	0	0	75	0.985914	0.985714	0	0.000
chimera_1_A14757-15004_B15892-15943_MH4_284832_285319_0:0:0_0:0:0_1c	-1	150	40.000	NC_039553.1	2534	1	59	64M86S	0	0	1	0	0	0	0.000	0	0	0	0.000	0	0.000	0	86	86	64	0.927673	0.928073	3	0.333
NC_037131.1_2526_3058_4:0:0_9:0:0_213	-1	150	13.000	NC_039553.1	2538	0	60	150M	0	0	1	0	0	0	0.000	0	0	0	0.000	0	0.000	0	0	0	75	1.000000	1.000000	0	0.000
NC_037131.1_2526_3042_6:0:0_7:0:0_159	-1	150	13.000	NC_039553.1	2538	0	55	150M	0	0	1	0	0	0	0.000	0	0	0	0.000	0	0.000	0	0	0	75	0.971429	0.971429	0	0.000
NC_037131.1_2529_3030_6:0:0_7:0:0_38a	-1	150	13.000	NC_039553.1	2541	0	60	150M	0	0	1	0	0	0	0.000	0	0	0	0.000	0	0.000	0	0	0	75	1.000000	1.000000	0	0.000
chimera_1_A14757-15004_B15892-15943_MH4_61297_61803_0:0:0_0:0:0_13	-1	150	40.000	NC_039553.1	2543	0	60	150M	0	0	1	0	0	0	0.000	0	0	0	0.000	0	0.000	0	0	0	75	1.000000	1.000000	0	0.000
chimera_1_A14757-15004_B15892-15943_MH4_172326_172878_0:0:0_0:0:0_18	-1	150	40.000	NC_039553.1	2550	0	60	150M	0	0	1	0	0	0	0.000	0	0	0	0.000	0	0.000	0	0	0	75	1.000000	1.000000	0	0.000
NC_037131.1_2162_2692_12:0:0_6:0:0_291	-1	150	13.000	NC_039553.1	2555	1	60	150M	0	0	1	0	0	0	0.000	0	0	0	0.000	0	0.000	0	0	0	75	1.000000	1.000000	0	0.000
NC_037131.1_2207_2698_4:0:0_5:0:0_b54	-1	150	13.000	NC_039553.1	2561	1	52	146M4S	0	0	1	0	0	0	0.000	0	0	0	0.000	0	0.000	0	4	4	146	0.000000	0.500000	0	0.000
NC_037131.1_2550_3059_13:0:0_7:0:0_1f9	-1	150	13.000	NC_039553.1	2562	0	12	142M8S	0	0	1	0	0	0	0.000	0	0	0	0.000	0	0.000	0	8	8	142	1.000000	1.000000	0	0.000
NC_037131.1_2213_2709_14:0:0_6:0:0_916	-1	150	13.000	NC_039553.1	2572	1	6	135M15S	0	0	1	0	0	0	0.000	0	0	0	0.000	0	0.000	0	15	15	135	1.000000	1.000000	0	0.000
NC_037131.1_2255_2722_5:0:0_7:0:0_25e	-1	150	13.000	NC_039553.1	2585	1	60	122M28S	0	0	1	0	0	0	0.000	0	0	0	0.000	0	0.000	0	28	28	122	0.981044	0.983236	0	0.000
NC_037131.1_2240_2725_7:0:0_10:0:0_a64	-1	150	13.000	NC_039553.1	2588	1	4	111M39S	0	0	1	0	0	0	0.000	0	0	0	0.000	0	0.000	0	39	39	111	1.000000	1.000000	0	0.000
NC_037131.1_2586_3168_5:0:0_4:0:0_424	-1	150	13.000	NC_039553.1	2598	0	34	109M41S	0	0	1	0	0	0	0.000	0	0	0	0.000	0	0.000	0	41	41	109	0.984109	0.984624	0	0.000
NC_037131.1_2197_2736_8:0:0_6:0:0_8d4	-1	150	13.000	NC_039553.1	2599	1	24	108M42S	0	0	1	0	0	0	0.000	0	0	0	0.000	0	0.000	0	42	42	108	0.952321	0.954091	0	0.000
NC_037131.1_2275_2740_2:0:0_3:0:0_607	-1	150	13.000	NC_039553.1	2603	1	33	104M46S	0	0	1	0	0	0	0.000	0	0	0	0.000	0	0.000	0	46	46	104	0.984612	0.984955	0	0.000
NC_037131.1_2592_3071_4:0:0_11:0:0_d9	-1	150	13.000	NC_039553.1	2604	0	20	103M47S	0	0	1	0	0	0	0.000	0	0	0	0.000	0	0.000	0	47	47	103	0.984413	0.985012	0	0.000
NC_037131.1_2259_2747_4:0:0_7:0:0_542	-1	150	13.000	NC_039553.1	2610	1	33	97M53S	0	0	1	0	0	0	0.000	0	0	0	0.000	0	0.000	0	53	53	97	1.000000	1.000000	0	0.000
chimera_1_A14757-15004_B15892-15943_MH4_194940_195356_0:0:0_0:0:0_46	-1	150	40.000	NC_039553.1	2636	0	24	34M116S	0	0	1	0	0	0	0.000	0	0	0	0.000	0	0.000	0	116	116	34	0.965368	0.967991	1	1.000
NC_037131.1_2629_3103_5:0:0_5:0:0_100	-1	150	13.000	NC_039553.1	2641	0	4	66M84S	0	0	1	0	0	0	0.000	0	0	0	0.000	0	0.000	0	84	84	66	0.956784	0.956944	0	0.000
chimera_1_A14757-15004_B15892-15943_MH4_123863_124370_0:0:0_0:0:0_4e	-1	150	40.000	NC_039553.1	2659	0	3	48M102S	0	0	1	0	0	0	0.000	0	0	0	0.000	0	0.000	0	102	102	48	1.000000	1.000000	0	0.000
chimera_1_A14757-15004_B15892-15943_MH4_123865_124320_0:0:0_0:0:0_21	-1	150	40.000	NC_039553.1	2661	0	3	46M104S	0	0	1	0	0	0	0.000	0	0	0	0.000	0	0.000	0	104	104	46	1.000000	1.000000	0	0.000
NC_037131.1_2727_3265_7:0:0_8:0:0_b32	-1	150	13.000	NC_039553.1	2782	0	16	44S75M31S	0	0	1	0	0	0	0.000	0	0	0	0.000	0	0.000	44	31	75	44	0.969223	0.969665	0	0.000
NC_037131.1_2771_3418_6:0:0_10:0:0_4de	-1	150	13.000	NC_039553.1	2782	0	1	78M72S	0	0	1	0	0	0	0.000	0	0	0	0.000	0	0.000	0	72	72	78	0.958232	0.957121	0	0.000
chimera_1_A14757-15004_B15892-15943_MH4_85565_85986_0:0:0_0:0:0_81	-1	150	40.000	NC_039553.1	2782	0	16	78M72S	0	0	1	0	0	0	0.000	0	0	0	0.000	0	0.000	0	72	72	78	1.000000	1.000000	1	1.000
chimera_1_A14757-15004_B15892-15943_MH4_246415_246887_0:0:0_0:0:0_52	-1	150	40.000	NC_039553.1	2783	0	15	53M97S	0	0	1	0	0	0	0.000	0	0	0	0.000	0	0.000	0	97	97	53	0.985566	0.985297	0	0.000
NC_037131.1_2386_2927_6:0:0_7:0:0_280	-1	150	13.000	NC_039553.1	2789	1	2	71M79S	0	0	1	0	0	0	0.000	0	0	0	0.000	0	0.000	0	79	79	71	0.971806	0.971403	1	1.000
NC_037131.1_2724_3200_5:0:0_6:0:0_638	-1	150	13.000	NC_039553.1	2795	0	16	60S65M25S	0	0	1	0	0	0	0.000	0	0	0	0.000	0	0.000	60	25	85	60	0.971599	0.971053	2	1.000
chimera_1_A14757-15004_B15892-15943_MH4_246063_246569_0:0:0_0:0:0_91	-1	150	40.000	NC_039553.1	2795	1	16	7S41M102S	0	0	1	0	0	0	0.000	0	0	0	0.000	0	0.000	7	102	109	48	0.985167	0.985066	0	0.000
NC_037131.1_2465_2884_7:0:0_9:0:0_6f8	-1	150	13.000	NC_039553.1	2795	1	52	49S64M37S	0	0	1	0	0	0	0.000	0	0	0	0.000	0	0.000	49	37	86	49	0.985679	0.985117	2	1.000
NC_037131.1_2439_2920_9:0:0_6:0:0_59	-1	150	13.000	NC_039553.1	2795	1	40	13S51M86S	0	0	1	0	0	0	0.000	0	0	0	0.000	0	0.000	13	86	99	64	0.944450	0.942458	0	0.000
NC_037131.1_2347_2818_9:0:0_6:0:0_b3b	-1	150	13.000	NC_039553.1	2795	1	12	115S35M	0	0	1	0	0	0	0.000	0	0	0	0.000	0	0.000	115	0	115	115	1.000000	1.000000	2	1.000
NC_037131.1_2446_2893_5:0:0_3:0:0_6fe	-1	150	13.000	NC_039553.1	2795	1	42	40S55M55S	0	0	1	0	0	0	0.000	0	0	0	0.000	0	0.000	40	55	95	95	0.971084	0.970747	1	0.000
NC_037131.1_2406_2896_10:0:0_4:0:0_239	-1	150	13.000	NC_039553.1	2795	1	4	37S63M50S	0	0	1	0	0	0	0.000	0	0	0	0.000	0	0.000	37	50	87	100	0.970334	0.970332	0	0.000
chimera_1_A14757-15004_B15892-15943_MH4_194940_195356_0:0:0_0:0:0_46	-1	150	40.000	NC_039553.1	2795	1	29	107S43M	0	0	1	0	0	0	0.000	0	0	0	0.000	0	0.000	107	0	107	107	1.000000	1.000000	2	1.000
NC_037131.1_2443_2926_12:0:0_6:0:0_9d1	-1	150	13.000	NC_039553.1	2795	1	15	7S62M81S	0	0	1	0	0	0	0.000	0	0	0	0.000	0	0.000	7	81	88	69	0.946548	0.942740	0	0.000
NC_037131.1_2275_2840_8:0:0_7:0:0_2c2	-1	150	13.000	NC_039553.1	2795	1	2	93S57M	0	0	1	0	0	0	0.000	0	0	0	0.000	0	0.000	93	0	93	93	1.000000	1.000000	2	1.000
NC_037131.1_2363_2891_4:0:0_2:0:0_77f	-1	150	13.000	NC_039553.1	2795	1	22	42S65M43S	0	0	1	0	0	0	0.000	0	0	0	0.000	0	0.000	42	43	85	107	0.968487	0.969533	1	1.000
NC_037131.1_2362_2895_10:0:0_6:0:0_273	-1	150	13.000	NC_039553.1	2795	1	16	38S65M47S	0	0	1	0	0	0	0.000	0	0	0	0.000	0	0.000	38	47	85	103	0.969739	0.970024	1	1.000
NC_037131.1_2709_3257_9:0:0_5:0:0_8b1	-1	150	13.000	NC_039553.1	2796	0	7	76S53M21S	0	0	1	0	0	0	0.000	0	0	0	0.000	0	0.000	76	21	97	76	1.000000	1.000000	2	0.500
NC_037131.1_2406_2859_11:0:0_6:0:0_8a	-1	150	13.000	NC_039553.1	2797	1	15	76S74M	0	0	1	0	0	0	0.000	0	0	0	0.000	0	0.000	76	0	76	76	1.000000	1.000000	0	0.000
NC_037131.1_2384_2857_9:0:0_5:0:0_b9b	-1	150	13.000	NC_039553.1	2798	1	7	79S71M	0	0	1	0	0	0	0.000	0	0	0	0.000	0	0.000	79	0	79	79	0.986106	0.985701	2	1.000
NC_037131.1_2753_3234_8:0:0_7:0:0_dc	-1	150	13.000	NC_039553.1	2800	0	7	36S50M64S	0	0	1	0	0	0	0.000	0	0	0	0.000	0	0.000	36	64	100	86	0.943516	0.942458	2	0.000
NC_037131.1_3449_3986_3:0:0_3:0:0_26a	-1	150	13.000	NC_039553.1	3460	0	17	112M38S	0	0	1	0	0	0	0.000	0	0	0	0.000	0	0.000	0	38	38	112	0.950432	0.960886	0	0.000
NC_037131.1_3454_4039_7:0:0_9:0:0_746	-1	150	13.000	NC_039553.1	3492	0	8	27S79M44S	0	0	1	0	0	0	0.000	0	0	0	0.000	0	0.000	27	44	71	106	0.968133	0.969665	0	0.000
NC_037131.1_3491_3942_5:0:0_8:0:0_4c1	-1	150	13.000	NC_039553.1	3534	0	36	32S37M81S	0	0	1	0	0	0	0.000	0	0	0	0.000	0	0.000	32	81	113	69	0.943386	0.942740	0	0.000
NC_037131.1_3489_3959_5:0:0_4:0:0_ff	-1	150	13.000	NC_039553.1	3534	0	23	34S38M78S	0	0	1	0	0	0	0.000	0	0	0	0.000	0	0.000	34	78	112	72	0.957730	0.957121	0	0.000
NC_037131.1_3466_3953_6:0:0_3:0:0_864	-1	150	13.000	NC_039553.1	3534	0	42	57S38M55S	0	0	1	0	0	0	0.000	0	0	0	0.000	0	0.000	57	55	112	57	1.000000	1.000000	0	0.000
NC_037131.1_3443_3948_9:0:0_5:0:0_779	-1	150	13.000	NC_039553.1	3534	0	15	80S38M32S	0	0	1	0	0	0	0.000	0	0	0	0.000	0	0.000	80	32	112	80	0.985678	0.985694	0	0.000
chimera_1_A14757-15004_B15892-15943_MH4_199939_200517_0:0:0_0:0:0_98	-1	150	40.000	NC_039553.1	3770	1	4	11S72M2D4M2I61M	0	0	1	0	0	0	0.000	0	0	0	0.000	0	0.000	11	0	11	11	1.000000	1.000000	0	0.000
NC_037131.1_3763_4297_5:0:0_5:0:0_374	-1	150	13.000	NC_039553.1	3783	0	4	9S59M2D4M2I76M	0	0	1	0	0	0	0.000	0	0	0	0.000	0	0.000	9	0	9	9	1.000000	1.000000	0	0.000
NC_037131.1_3836_4420_6:0:0_5:0:0_a47	-1	150	13.000	NC_039553.1	3847	0	27	150M	0	0	1	0	0	0	0.000	0	0	0	0.000	0	0.000	0	0	0	75	0.972211	0.980322	0	0.000
NC_037131.1_3780_4351_5:0:0_11:0:0_6f0	-1	150	13.000	NC_039553.1	3848	0	4	57S93M	0	0	1	0	0	0	0.000	0	0	0	0.000	0	0.000	57	0	57	57	0.942169	0.941763	0	0.000
NC_037131.1_3778_4174_5:0:0_11:0:0_69a	-1	150	13.000	NC_039553.1	3848	0	30	59S91M	0	0	1	0	0	0	0.000	0	0	0	0.000	0	0.000	59	0	59	59	0.956967	0.956500	0	0.000
NC_037131.1_3800_4335_5:0:0_14:0:0_b7e	-1	150	13.000	NC_039553.1	3848	0	23	37S113M	0	0	1	0	0	0	0.000	0	0	0	0.000	0	0.000	37	0	37	37	0.965979	0.968585	0	0.000
NC_037131.1_3774_4364_4:0:0_12:0:0_416	-1	150	13.000	NC_039553.1	3848	0	27	63S87M	0	0	1	0	0	0	0.000	0	0	0	0.000	0	0.000	63	0	63	63	0.941999	0.942381	0	0.000
NC_037131.1_3793_4327_6:0:0_10:0:0_6d4	-1	150	13.000	NC_039553.1	3848	0	16	44S106M	0	0	1	0	0	0	0.000	0	0	0	0.000	0	0.000	44	0	44	44	0.984373	0.984832	0	0.000
NC_037131.1_3499_3962_10:0:0_8:0:0_82	-1	150	13.000	NC_039553.1	3848	1	9	24S126M	0	0	1	0	0	0	0.000	0	0	0	0.000	0	0.000	24	0	24	24	0.979314	0.982556	0	0.000
NC_037131.1_3491_3942_5:0:0_8:0:0_4c1	-1	150	13.000	NC_039553.1	3848	1	43	44S106M	0	0	1	0	0	0	0.000	0	0	0	0.000	0	0.000	44	0	44	44	0.953119	0.954497	0	0.000
NC_037131.1_3372_3958_9:0:0_8:0:0_893	-1	150	13.000	NC_039553.1	3848	1	26	28S122M	0	0	1	0	0	0	0.000	0	0	0	0.000	0	0.000	28	0	28	28	0.903614	0.916179	0	0.000
NC_037131.1_3569_3977_6:0:0_2:0:0_300	-1	150	13.000	NC_039553.1	3848	1	60	9S141M	0	0	1	0	0	0	0.000	0	0	0	0.000	0	0.000	9	0	9	9	1.000000	1.000000	0	0.000
NC_037131.1_3489_3959_5:0:0_4:0:0_ff	-1	150	13.000	NC_039553.1	3848	1	27	27S123M	0	0	1	0	0	0	0.000	0	0	0	0.000	0	0.000	27	0	27	27	0.921493	0.932326	0	0.000
NC_037131.1_3466_3953_6:0:0_3:0:0_864	-1	150	13.000	NC_039553.1	3848	1	51	33S117M	0	0	1	0	0	0	0.000	0	0	0	0.000	0	0.000	33	0	33	33	0.982453	0.983886	0	0.000
NC_037131.1_3350_3915_9:0:0_3:0:0_52e	-1	150	13.000	NC_039553.1	3848	1	6	71S79M	0	0	1	0	0	0	0.000	0	0	0	0.000	0	0.000	71	0	71	71	0.958807	0.957104	0	0.000
NC_037131.1_3443_3948_9:0:0_5:0:0_779	-1	150	13.000	NC_039553.1	3848	1	18	38S112M	0	0	1	0	0	0	0.000	0	0	0	0.000	0	0.000	38	0	38	38	0.932685	0.937526	0	0.000
NC_037131.1_3449_3986_3:0:0_3:0:0_26a	-1	150	13.000	NC_039553.1	3848	1	20	150M	0	0	1	0	0	0	0.000	0	0	0	0.000	0	0.000	0	0	0	75	0.972211	0.971429	0	0.000
chimera_1_A14757-15004_B15892-15943_MH4_308794_309267_0:0:0_0:0:0_31	-1	150	40.000	NC_039553.1	3848	1	4	6S58M86S	0	0	1	0	0	0	0.000	0	0	0	0.000	0	0.000	6	86	92	64	1.000000	1.000000	2	0.500
NC_037131.1_3389_3975_6:0:0_10:0:0_9ae	-1	150	13.000	NC_039553.1	3848	1	29	11S139M	0	0	1	0	0	0	0.000	0	0	0	0.000	0	0.000	11	0	11	11	1.000000	1.000000	0	0.000
NC_037131.1_3809_4270_7:0:0_7:0:0_2c3	-1	150	13.000	NC_039553.1	3849	0	40	29S121M	0	0	1	0	0	0	0.000	0	0	0	0.000	0	0.000	29	0	29	29	0.962095	0.966762	0	0.000
NC_037131.1_3823_4262_8:0:0_10:0:0_937	-1	150	13.000	NC_039553.1	3852	0	21	18S132M	0	0	1	0	0	0	0.000	0	0	0	0.000	0	0.000	18	0	18	18	1.000000	1.000000	0	0.000
NC_037131.1_3826_4313_6:0:0_5:0:0_648	-1	150	13.000	NC_039553.1	3852	0	20	15S135M	0	0	1	0	0	0	0.000	0	0	0	0.000	0	0.000	15	0	15	15	1.000000	1.000000	0	0.000
NC_037131.1_3845_4322_7:0:0_6:0:0_3fe	-1	150	13.000	NC_039553.1	3861	0	60	5S145M	0	0	1	0	0	0	0.000	0	0	0	0.000	0	0.000	5	0	5	5	0.000000	0.500000	0	0.000
NC_037131.1_3377_3902_6:0:0_7:0:0_21e	-1	150	13.000	NC_039553.1	3862	1	23	98S52M	0	0	1	0	0	0	0.000	0	0	0	0.000	0	0.000	98	0	98	98	0.958200	0.955768	0	0.000
NC_037131.1_3565_4005_10:0:0_8:0:0_541	-1	150	13.000	NC_039553.1	3867	1	22	150M	0	0	1	0	0	0	0.000	0	0	0	0.000	0	0.000	0	0	0	75	0.971828	0.971429	0	0.000
NC_037131.1_3800_4285_11:0:0_12:0:0_7f9	-1	150	13.000	NC_039553.1	3868	0	25	57S93M	0	0	1	0	0	0	0.000	0	0	0	0.000	0	0.000	57	0	57	57	0.957265	0.956322	0	0.000
NC_037131.1_3492_3968_6:0:0_11:0:0_630	-1	150	13.000	NC_039553.1	3868	1	12	38S112M	0	0	1	0	0	0	0.000	0	0	0	0.000	0	0.000	38	0	38	38	0.983171	0.984382	0	0.000
NC_037131.1_3861_4338_3:0:0_6:0:0_b87	-1	150	13.000	NC_039553.1	3872	0	13	150M	0	0	1	0	0	0	0.000	0	0	0	0.000	0	0.000	0	0	0	75	0.971429	0.971429	0	0.000
NC_037131.1_3583_4014_4:0:0_4:0:0_ad0	-1	150	13.000	NC_039553.1	3876	1	1	150M	0	0	1	0	0	0	0.000	0	0	0	0.000	0	0.000	0	0	0	75	1.000000	1.000000	2	0.500
NC_037131.1_3866_4344_4:0:0_6:0:0_2f5	-1	150	13.000	NC_039553.1	3877	0	1	150M	0	0	1	0	0	0	0.000	0	0	0	0.000	0	0.000	0	0	0	75	1.000000	1.000000	2	0.500
NC_037131.1_3867_4306_5:0:0_3:0:0_b5e	-1	150	13.000	NC_039553.1	3878	0	28	150M	0	0	1	0	0	0	0.000	0	0	0	0.000	0	0.000	0	0	0	75	1.000000	1.000000	0	0.000
NC_037131.1_3454_4039_7:0:0_9:0:0_746	-1	150	13.000	NC_039553.1	3901	1	9	150M	0	0	1	0	0	0	0.000	0	0	0	0.000	0	0.000	0	0	0	75	1.000000	1.000000	0	0.000
NC_037131.1_3894_4383_5:0:0_6:0:0_7c2	-1	150	13.000	NC_039553.1	3905	0	1	150M	0	0	1	0	0	0	0.000	0	0	0	0.000	0	0.000	0	0	0	75	0.971429	0.971429	0	0.000
NC_037131.1_3896_4430_5:0:0_10:0:0_8d7	-1	150	13.000	NC_039553.1	3907	0	1	150M	0	0	1	0	0	0	0.000	0	0	0	0.000	0	0.000	0	0	0	75	1.000000	1.000000	0	0.000
chimera_1_A14757-15004_B15892-15943_MH4_124536_124972_0:0:0_0:0:0_6e	-1	150	40.000	NC_039553.1	3920	1	1	150M	0	0	1	0	0	0	0.000	0	0	0	0.000	0	0.000	0	0	0	75	0.986106	0.985714	1	1.000
NC_037131.1_5251_5732_2:0:0_3:0:0_498	-1	150	13.000	NC_039553.1	5262	0	15	58M1I20M1D1M5I24M1D41M	0	0	1	0	0	0	0.000	0	0	0	0.000	0	0.000	0	0	0	75	0.985914	0.985714	0	0.000
chimera_1_A14757-15004_B15892-15943_MH4_276088_276552_0:0:0_0:0:0_8	-1	150	40.000	NC_039553.1	5262	1	47	58M1I22M4I24M1D41M	0	0	1	0	0	0	0.000	0	0	0	0.000	0	0.000	0	0	0	75	0.985914	0.985714	0	0.000
NC_037131.1_5254_5775_2:0:0_11:0:0_24b	-1	150	13.000	NC_039553.1	5265	0	56	50M5I6M4D17M4I24M1D44M	0	0	1	0	0	0	0.000	0	0	0	0.000	0	0.000	0	0	0	75	0.971828	0.971429	3	1.000
NC_037131.1_5267_5721_7:0:0_7:0:0_ad9	-1	150	13.000	NC_039553.1	5344	0	32	71S22M1D53M4S	0	0	1	0	0	0	0.000	0	0	0	0.000	0	0.000	71	4	75	71	0.986090	0.985701	0	0.000
NC_037131.1_5316_5745_5:0:0_8:0:0_596	-1	150	13.000	NC_039553.1	5344	0	31	22S22M1D51M1D55M	0	0	1	0	0	0	0.000	0	0	0	0.000	0	0.000	22	0	22	22	1.000000	1.000000	0	0.000
chimera_1_A14757-15004_B15892-15943_MH4_220919_221392_0:0:0_0:0:0_3d	-1	150	40.000	NC_039553.1	5344	0	34	30S22M1D53M45S	0	0	1	0	0	0	0.000	0	0	0	0.000	0	0.000	30	45	75	105	1.000000	1.000000	3	0.333
NC_037131.1_5335_5850_5:0:0_7:0:0_141	-1	150	13.000	NC_039553.1	5344	0	60	3S22M1D51M1D74M	0	0	1	0	0	0	0.000	0	0	0	0.000	0	0.000	3	0	3	3	0.000000	0.500000	0	0.000
NC_037131.1_5303_5787_6:0:0_6:0:0_2bc	-1	150	13.000	NC_039553.1	5344	0	2	35S22M1D51M1D42M	0	0	1	0	0	0	0.000	0	0	0	0.000	0	0.000	35	0	35	35	1.000000	1.000000	0	0.000
NC_037131.1_4867_5430_5:0:0_7:0:0_449	-1	150	13.000	NC_039553.1	5344	1	26	57S22M1D44M27S	0	0	1	0	0	0	0.000	0	0	0	0.000	0	0.000	57	27	84	57	1.000000	1.000000	0	0.000
NC_037131.1_5005_5473_6:0:0_3:0:0_4cb	-1	150	13.000	NC_039553.1	5344	1	34	14S22M1D50M1D64M	0	0	1	0	0	0	0.000	0	0	0	0.000	0	0.000	14	0	14	14	1.000000	1.000000	0	0.000
NC_037131.1_4959_5487_5:0:0_7:0:0_5ad	-1	150	13.000	NC_039553.1	5344	1	1	22M1D51M1D77M	0	0	1	0	0	0	0.000	0	0	0	0.000	0	0.000	0	0	0	75	0.972211	0.971429	3	0.333
NC_037131.1_4878_5425_4:0:0_6:0:0_587	-1	150	13.000	NC_039553.1	5344	1	10	62S22M1D51M15S	0	0	1	0	0	0	0.000	0	0	0	0.000	0	0.000	62	15	77	62	1.000000	1.000000	0	0.000
NC_037131.1_4939_5466_8:0:0_4:0:0_3a3	-1	150	13.000	NC_039553.1	5344	1	15	21S22M1D51M1D56M	0	0	1	0	0	0	0.000	0	0	0	0.000	0	0.000	21	0	21	21	0.978240	0.981910	0	0.000
NC_037131.1_4929_5400_8:0:0_6:0:0_ac1	-1	150	13.000	NC_039553.1	5344	1	15	87S22M1D41M	0	0	1	0	0	0	0.000	0	0	0	0.000	0	0.000	87	0	87	87	1.000000	1.000000	0	0.000
NC_037131.1_4984_5486_9:0:0_4:0:0_54d	-1	150	13.000	NC_039553.1	5346	1	60	3S20M1D51M1D76M	0	0	1	0	0	0	0.000	0	0	0	0.000	0	0.000	3	0	3	3	0.000000	0.500000	1	1.000
NC_037131.1_4887_5425_3:0:0_8:0:0_57b	-1	150	13.000	NC_039553.1	5346	1	3	64S20M1D53M13S	0	0	1	0	0	0	0.000	0	0	0	0.000	0	0.000	64	13	77	64	1.000000	1.000000	1	1.000
NC_037131.1_5335_5869_6:0:0_5:0:0_a39	-1	150	13.000	NC_039553.1	5347	0	18	6S19M1D51M1D74M	0	0	1	0	0	0	0.000	0	0	0	0.000	0	0.000	6	0	6	6	1.000000	1.000000	3	1.000
NC_037131.1_5012_5494_10:0:0_5:0:0_4c8	-1	150	13.000	NC_039553.1	5351	1	60	15M1D51M1D84M	0	0	1	0	0	0	0.000	0	0	0	0.000	0	0.000	0	0	0	75	0.972600	0.971429	1	0.000
NC_037131.1_4940_5495_5:0:0_10:0:0_871	-1	150	13.000	NC_039553.1	5352	1	7	14M1D51M1D85M	0	0	1	0	0	0	0.000	0	0	0	0.000	0	0.000	0	0	0	75	1.000000	1.000000	0	0.000
NC_037131.1_5082_5499_7:0:0_3:0:0_ae8	-1	150	13.000	NC_039553.1	5356	1	1	10M1D51M1D89M	0	0	1	0	0	0	0.000	0	0	0	0.000	0	0.000	0	0	0	75	1.000000	1.000000	2	0.500
NC_037131.1_5353_5898_3:0:0_9:0:0_846	-1	150	13.000	NC_039553.1	5359	0	45	7M1D51M1D92M	0	0	1	0	0	0	0.000	0	0	0	0.000	0	0.000	0	0	0	75	1.000000	1.000000	0	0.000
NC_037131.1_5354_5798_6:0:0_5:0:0_aeb	-1	150	13.000	NC_039553.1	5360	0	1	6M1D51M1D93M	0	0	1	0	0	0	0.000	0	0	0	0.000	0	0.000	0	0	0	75	0.972600	0.971429	0	0.000
NC_037131.1_5355_5787_4:0:0_7:0:0_16e	-1	150	13.000	NC_039553.1	5361	0	52	5M1D51M1D94M	0	0	1	0	0	0	0.000	0	0	0	0.000	0	0.000	0	0	0	75	1.000000	1.000000	0	0.000
NC_037131.1_5062_5507_11:0:0_6:0:0_246	-1	150	13.000	NC_039553.1	5367	1	29	2S51M1D97M	0	0	1	0	0	0	0.000	0	0	0	0.000	0	0.000	2	0	2	2	0.000000	0.500000	0	0.000
NC_037131.1_5088_5524_9:0:0_5:0:0_2ec	-1	150	13.000	NC_039553.1	5382	1	10	36M1D114M	0	0	1	0	0	0	0.000	0	0	0	0.000	0	0.000	0	0	0	75	0.972211	0.971429	0	0.000
NC_037131.1_4978_5527_11:0:0_6:0:0_b15	-1	150	13.000	NC_039553.1	5385	1	21	33M1D117M	0	0	1	0	0	0	0.000	0	0	0	0.000	0	0.000	0	0	0	75	0.942857	0.942857	1	0.000
NC_037131.1_5063_5571_5:0:0_8:0:0_7d2	-1	150	13.000	NC_039553.1	5430	1	9	145M5S	0	0	1	0	0	0	0.000	0	0	0	0.000	0	0.000	0	5	5	145	0.000000	0.500000	0	0.000
NC_037131.1_5423_5968_6:0:0_11:0:0_511	-1	150	13.000	NC_039553.1	5431	0	3	142M8S	0	0	1	0	0	0	0.000	0	0	0	0.000	0	0.000	0	8	8	142	1.000000	1.000000	0	0.000
NC_037131.1_5425_5951_6:0:0_3:0:0_b10	-1	150	13.000	NC_039553.1	5433	0	18	133M17S	0	0	1	0	0	0	0.000	0	0	0	0.000	0	0.000	0	17	17	133	1.000000	1.000000	0	0.000
NC_037131.1_5409_5983_8:0:0_11:0:0_5b8	-1	150	13.000	NC_039553.1	5450	0	1	33S117M	0	0	1	0	0	0	0.000	0	0	0	0.000	0	0.000	33	0	33	33	0.982300	0.983886	0	0.000
NC_037131.1_6519_6997_9:0:0_5:0:0_572	-1	150	13.000	NC_039553.1	6527	0	7	136M14S	0	0	1	0	0	0	0.000	0	0	0	0.000	0	0.000	0	14	14	136	1.000000	1.000000	1	0.000
NC_037131.1_6514_7024_9:0:0_10:0:0_514	-1	150	13.000	NC_039553.1	6563	0	3	41S102M7S	0	0	1	0	0	0	0.000	0	0	0	0.000	0	0.000	41	7	48	41	0.936436	0.938495	0	0.000
NC_037131.1_6580_7096_6:0:0_9:0:0_9b8	-1	150	13.000	NC_039553.1	6596	0	7	8S74M68S	0	0	1	0	0	0	0.000	0	0	0	0.000	0	0.000	8	68	76	82	0.930225	0.937583	0	0.000
NC_037131.1_6590_7023_4:0:0_7:0:0_7ad	-1	150	13.000	NC_039553.1	6598	0	4	130M20S	0	0	1	0	0	0	0.000	0	0	0	0.000	0	0.000	0	20	20	130	0.953812	0.963321	1	0.000
NC_037131.1_6586_7070_10:0:0_6:0:0_519	-1	150	13.000	NC_039553.1	6614	0	3	20S55M75S	0	0	1	0	0	0	0.000	0	0	0	0.000	0	0.000	20	75	95	75	0.972222	0.971429	1	1.000
NC_037131.1_6813_7225_3:0:0_7:0:0_1c0	-1	150	13.000	NC_039553.1	6890	0	4	69S81M	0	0	1	0	0	0	0.000	0	0	0	0.000	0	0.000	69	0	69	69	1.000000	1.000000	1	0.000
NC_037131.1_6519_6997_9:0:0_5:0:0_572	-1	150	13.000	NC_039553.1	6902	1	8	46S104M	0	0	1	0	0	0	0.000	0	0	0	0.000	0	0.000	46	0	46	46	0.984460	0.984955	0	0.000
chimera_1_A14757-15004_B15892-15943_MH4_291937_292416_0:0:0_0:0:0_8d	-1	150	40.000	NC_039553.1	6908	0	12	33S110M7S	0	0	1	0	0	0	0.000	0	0	0	0.000	0	0.000	33	7	40	33	0.982300	0.983886	1	1.000
NC_037131.1_6819_7232_6:0:0_5:0:0_bdb	-1	150	13.000	NC_039553.1	6924	0	4	97S31M22S	0	0	1	0	0	0	0.000	0	0	0	0.000	0	0.000	97	22	119	97	0.985113	0.985297	0	0.000
NC_037131.1_6843_7324_9:0:0_9:0:0_8e7	-1	150	13.000	NC_039553.1	6924	0	22	73S77M	0	0	1	0	0	0	0.000	0	0	0	0.000	0	0.000	73	0	73	73	1.000000	1.000000	0	0.000
NC_037131.1_6911_7424_7:0:0_5:0:0_626	-1	150	13.000	NC_039553.1	6924	0	11	5S89M56S	0	0	1	0	0	0	0.000	0	0	0	0.000	0	0.000	5	56	61	94	0.971414	0.970816	0	0.000
NC_037131.1_6849_7356_12:0:0_6:0:0_5e1	-1	150	13.000	NC_039553.1	6924	0	15	67S83M	0	0	1	0	0	0	0.000	0	0	0	0.000	0	0.000	67	0	67	67	0.985620	0.985662	0	0.000
NC_037131.1_6842_7337_5:0:0_7:0:0_3b0	-1	150	13.000	NC_039553.1	6924	0	22	74S76M	0	0	1	0	0	0	0.000	0	0	0	0.000	0	0.000	74	0	74	74	0.986110	0.985713	0	0.000
NC_037131.1_6590_7023_4:0:0_7:0:0_7ad	-1	150	13.000	NC_039553.1	6924	1	4	42S94M14S	0	0	1	0	0	0	0.000	0	0	0	0.000	0	0.000	42	14	56	42	0.967603	0.969394	0	0.000
NC_037131.1_6480_7046_8:0:0_6:0:0_ad2	-1	150	13.000	NC_039553.1	6924	1	11	19S131M	0	0	1	0	0	0	0.000	0	0	0	0.000	0	0.000	19	0	19	19	0.954165	0.962778	0	0.000
NC_037131.1_6586_7070_10:0:0_6:0:0_519	-1	150	13.000	NC_039553.1	6929	1	3	150M	0	0	1	0	0	0	0.000	0	0	0	0.000	0	0.000	0	0	0	75	0.985914	0.985714	2	0.500
NC_037131.1_6608_7060_6:0:0_2:0:0_335	-1	150	13.000	NC_039553.1	6929	1	12	10S126M14S	0	0	1	0	0	0	0.000	0	0	0	0.000	0	0.000	10	14	24	136	1.000000	1.000000	1	1.000
NC_037131.1_6514_7024_9:0:0_10:0:0_514	-1	150	13.000	NC_039553.1	6931	1	3	48S87M15S	0	0	1	0	0	0	0.000	0	0	0	0.000	0	0.000	48	15	63	48	0.984516	0.985066	0	0.000
NC_037131.1_6631_7097_9:0:0_6:0:0_3a2	-1	150	13.000	NC_039553.1	6961	1	19	5S145M	0	0	1	0	0	0	0.000	0	0	0	0.000	0	0.000	5	0	5	5	0.000000	0.500000	0	0.000
NC_037131.1_6580_7096_6:0:0_9:0:0_9b8	-1	150	13.000	NC_039553.1	6961	1	8	6S144M	0	0	1	0	0	0	0.000	0	0	0	0.000	0	0.000	6	0	6	6	1.000000	1.000000	0	0.000
NC_037131.1_6962_7508_9:0:0_8:0:0_71f	-1	150	13.000	NC_039553.1	6977	0	1	7S137M6S	0	0	1	0	0	0	0.000	0	0	0	0.000	0	0.000	7	6	13	7	1.000000	1.000000	0	0.000
NC_037131.1_7017_7515_4:0:0_6:0:0_a2b	-1	150	13.000	NC_039553.1	7025	0	28	150M	0	0	1	0	0	0	0.000	0	0	0	0.000	0	0.000	0	0	0	75	1.000000	1.000000	1	1.000
NC_037131.1_6651_7177_10:0:0_7:0:0_862	-1	150	13.000	NC_039553.1	7036	1	19	79M3I4M3D64M	0	0	1	0	0	0	0.000	0	0	0	0.000	0	0.000	0	0	0	75	0.928571	0.928571	0	0.000
NC_037131.1_6735_7174_9:0:0_1:0:0_810	-1	150	13.000	NC_039553.1	7037	1	16	4S146M	0	0	1	0	0	0	0.000	0	0	0	0.000	0	0.000	4	0	4	4	0.000000	0.500000	0	0.000
NC_037131.1_7032_7561_4:0:0_9:0:0_5fa	-1	150	13.000	NC_039553.1	7040	0	29	14M1I2M1D129M4S	0	0	1	0	0	0	0.000	0	0	0	0.000	0	0.000	0	4	4	146	0.000000	0.500000	0	0.000
NC_037131.1_6998_7540_5:0:0_9:0:0_328	-1	150	13.000	NC_039553.1	7043	0	9	37S74M39S	0	0	1	0	0	0	0.000	0	0	0	0.000	0	0.000	37	39	76	111	0.983795	0.984466	2	0.000
NC_037131.1_6999_7580_11:0:0_4:0:0_89e	-1	150	13.000	NC_039553.1	7063	0	8	56S54M40S	0	0	1	0	0	0	0.000	0	0	0	0.000	0	0.000	56	40	96	56	1.000000	1.000000	0	0.000
NC_037131.1_7002_7413_7:0:0_6:0:0_657	-1	150	13.000	NC_039553.1	7067	0	1	57S93M	0	0	1	0	0	0	0.000	0	0	0	0.000	0	0.000	57	0	57	57	1.000000	1.000000	0	0.000
NC_037131.1_6628_7210_12:0:0_3:0:0_37e	-1	150	13.000	NC_039553.1	7069	1	1	45M4D4M4I67M1I29M	0	0	1	0	0	0	0.000	0	0	0	0.000	0	0.000	0	0	0	75	1.000000	1.000000	0	0.000
NC_037131.1_6611_7213_6:0:0_3:0:0_1c3	-1	150	13.000	NC_039553.1	7072	1	29	117M1I32M	0	0	1	0	0	0	0.000	0	0	0	0.000	0	0.000	0	0	0	75	1.000000	1.000000	5	0.600
NC_037131.1_6692_7216_4:0:0_8:0:0_435	-1	150	13.000	NC_039553.1	7075	1	11	114M1I35M	0	0	1	0	0	0	0.000	0	0	0	0.000	0	0.000	0	0	0	75	0.985714	0.985714	1	0.000
NC_037131.1_7007_7547_9:0:0_3:0:0_6c5	-1	150	13.000	NC_039553.1	7076	0	14	61S89M	0	0	1	0	0	0	0.000	0	0	0	0.000	0	0.000	61	0	61	61	0.972158	0.971103	2	0.000
NC_037131.1_6813_7225_3:0:0_7:0:0_1c0	-1	150	13.000	NC_039553.1	7084	1	4	105M1I44M	0	0	1	0	0	0	0.000	0	0	0	0.000	0	0.000	0	0	0	75	1.000000	1.000000	0	0.000
NC_037131.1_6819_7232_6:0:0_5:0:0_bdb	-1	150	13.000	NC_039553.1	7091	1	4	98M1I51M	0	0	1	0	0	0	0.000	0	0	0	0.000	0	0.000	0	0	0	75	0.958333	0.957143	2	0.500
NC_037131.1_7089_7603_5:0:0_7:0:0_917	-1	150	13.000	NC_039553.1	7097	0	30	91M2I3M1D54M	0	0	1	0	0	0	0.000	0	0	0	0.000	0	0.000	0	0	0	75	0.985914	0.985714	0	0.000
NC_037131.1_6823_7264_4:0:0_6:0:0_578	-1	150	13.000	NC_039553.1	7123	1	38	63M1I86M	0	0	1	0	0	0	0.000	0	0	0	0.000	0	0.000	0	0	0	75	1.000000	1.000000	1	1.000
NC_037131.1_6777_7239_6:0:0_10:0:0_411	-1	150	13.000	NC_039553.1	7130	1	2	32S59M1I58M	0	0	1	0	0	0	0.000	0	0	0	0.000	0	0.000	32	0	32	32	1.000000	1.000000	0	0.000
NC_037131.1_7128_7673_3:0:0_6:0:0_922	-1	150	13.000	NC_039553.1	7136	0	42	53M1I96M	0	0	1	0	0	0	0.000	0	0	0	0.000	0	0.000	0	0	0	75	1.000000	1.000000	0	0.000
chimera_1_A14757-15004_B15892-15943_MH4_229648_230088_0:0:0_0:0:0_17	-1	150	40.000	NC_039553.1	7138	1	22	50S51M1I48M	0	0	1	0	0	0	0.000	0	0	0	0.000	0	0.000	50	0	50	50	0.984706	0.985166	0	0.000
NC_037131.1_7102_7641_8:0:0_8:0:0_39e	-1	150	13.000	NC_039553.1	7139	0	3	29S50M1I70M	0	0	1	0	0	0	0.000	0	0	0	0.000	0	0.000	29	0	29	29	1.000000	1.000000	0	0.000
NC_037131.1_6800_7281_5:0:0_11:0:0_a98	-1	150	13.000	NC_039553.1	7140	1	9	49M1I87M13S	0	0	1	0	0	0	0.000	0	0	0	0.000	0	0.000	0	13	13	137	1.000000	1.000000	0	0.000
chimera_1_A14757-15004_B15892-15943_MH4_21246_21713_0:0:0_0:0:0_56	-1	150	40.000	NC_039553.1	7162	0	10	27M1I85M37S	0	0	1	0	0	0	0.000	0	0	0	0.000	0	0.000	0	37	37	113	0.982990	0.984292	1	1.000
NC_037131.1_7155_7657_6:0:0_11:0:0_42c	-1	150	13.000	NC_039553.1	7163	0	10	26M1I116M7S	0	0	1	0	0	0	0.000	0	0	0	0.000	0	0.000	0	7	7	143	1.000000	1.000000	0	0.000
NC_037131.1_7159_7630_8:0:0_5:0:0_450	-1	150	13.000	NC_039553.1	7167	0	9	21M1I115M13S	0	0	1	0	0	0	0.000	0	0	0	0.000	0	0.000	0	13	13	137	1.000000	1.000000	0	0.000
NC_037131.1_6808_7314_9:0:0_6:0:0_9c0	-1	150	13.000	NC_039553.1	7173	1	1	16M1I116M17S	0	0	1	0	0	0	0.000	0	0	0	0.000	0	0.000	0	17	17	133	1.000000	1.000000	0	0.000
NC_037131.1_7168_7682_12:0:0_7:0:0_aa9	-1	150	13.000	NC_039553.1	7202	0	9	27S100M23S	0	0	1	0	0	0	0.000	0	0	0	0.000	0	0.000	27	23	50	27	0.961075	0.966163	0	0.000
NC_037131.1_6843_7324_9:0:0_9:0:0_8e7	-1	150	13.000	NC_039553.1	7202	1	26	20S103M27S	0	0	1	0	0	0	0.000	0	0	0	0.000	0	0.000	20	27	47	123	1.000000	1.000000	0	0.000
NC_037131.1_6842_7337_5:0:0_7:0:0_3b0	-1	150	13.000	NC_039553.1	7202	1	26	7S103M40S	0	0	1	0	0	0	0.000	0	0	0	0.000	0	0.000	7	40	47	110	1.000000	1.000000	0	0.000
NC_037131.1_6768_7339_5:0:0_3:0:0_28a	-1	150	13.000	NC_039553.1	7202	1	10	5S98M47S	0	0	1	0	0	0	0.000	0	0	0	0.000	0	0.000	5	47	52	103	1.000000	1.000000	0	0.000
NC_037131.1_6779_7336_12:0:0_11:0:0_20e	-1	150	13.000	NC_039553.1	7207	1	2	13S83M54S	0	0	1	0	0	0	0.000	0	0	0	0.000	0	0.000	13	54	67	96	0.985343	0.985336	0	0.000
NC_037131.1_6849_7356_12:0:0_6:0:0_5e1	-1	150	13.000	NC_039553.1	7214	1	13	91M59S	0	0	1	0	0	0	0.000	0	0	0	0.000	0	0.000	0	59	59	91	1.000000	1.000000	0	0.000
NC_037131.1_7402_7927_6:0:0_6:0:0_da	-1	150	13.000	NC_039553.1	7462	0	4	53S97M	0	0	1	0	0	0	0.000	0	0	0	0.000	0	0.000	53	0	53	53	1.000000	1.000000	1	1.000
NC_037131.1_7428_7937_10:0:0_9:0:0_5e4	-1	150	13.000	NC_039553.1	7462	0	37	27S116M7S	0	0	1	0	0	0	0.000	0	0	0	0.000	0	0.000	27	7	34	27	1.000000	1.000000	0	0.000
NC_037131.1_7353_7921_9:0:0_8:0:0_b2	-1	150	13.000	NC_039553.1	7462	0	10	102S48M	0	0	1	0	0	0	0.000	0	0	0	0.000	0	0.000	102	0	102	102	1.000000	1.000000	1	1.000
NC_037131.1_7389_7881_11:0:0_7:0:0_6ed	-1	150	13.000	NC_039553.1	7462	0	3	66S84M	0	0	1	0	0	0	0.000	0	0	0	0.000	0	0.000	66	0	66	66	1.000000	1.000000	1	1.000
NC_037131.1_7415_7964_4:0:0_7:0:0_96d	-1	150	13.000	NC_039553.1	7462	0	35	40S110M	0	0	1	0	0	0	0.000	0	0	0	0.000	0	0.000	40	0	40	40	1.000000	1.000000	1	1.000
NC_037131.1_7423_7920_11:0:0_5:0:0_5ce	-1	150	13.000	NC_039553.1	7462	0	15	32S118M	0	0	1	0	0	0	0.000	0	0	0	0.000	0	0.000	32	0	32	32	1.000000	1.000000	1	1.000
NC_037131.1_7388_7934_8:0:0_6:0:0_b28	-1	150	13.000	NC_039553.1	7462	0	4	67S83M	0	0	1	0	0	0	0.000	0	0	0	0.000	0	0.000	67	0	67	67	0.985975	0.985662	1	1.000
NC_037131.1_7007_7547_9:0:0_3:0:0_6c5	-1	150	13.000	NC_039553.1	7462	1	12	57S79M14S	0	0	1	0	0	0	0.000	0	0	0	0.000	0	0.000	57	14	71	57	0.985217	0.985441	1	1.000
NC_037131.1_7017_7515_4:0:0_6:0:0_a2b	-1	150	13.000	NC_039553.1	7462	1	24	89S61M	0	0	1	0	0	0	0.000	0	0	0	0.000	0	0.000	89	0	89	89	0.985590	0.985551	1	1.000
NC_037131.1_6999_7580_11:0:0_4:0:0_89e	-1	150	13.000	NC_039553.1	7462	1	7	24S116M10S	0	0	1	0	0	0	0.000	0	0	0	0.000	0	0.000	24	10	34	24	0.979643	0.982556	1	1.000
NC_037131.1_6998_7540_5:0:0_9:0:0_328	-1	150	13.000	NC_039553.1	7462	1	8	64S81M5S	0	0	1	0	0	0	0.000	0	0	0	0.000	0	0.000	64	5	69	64	1.000000	1.000000	1	1.000
NC_037131.1_7032_7561_4:0:0_9:0:0_5fa	-1	150	13.000	NC_039553.1	7462	1	24	43S84M23S	0	0	1	0	0	0	0.000	0	0	0	0.000	0	0.000	43	23	66	43	1.000000	1.000000	1	1.000
NC_037131.1_7389_7881_11:0:0_7:0:0_6ed	-1	150	13.000	NC_039553.1	7739	1	3	150M	0	0	1	0	0	0	0.000	0	0	0	0.000	0	0.000	0	0	0	75	1.000000	1.000000	0	0.000
NC_037131.1_7761_8270_6:0:0_11:0:0_9ef	-1	150	13.000	NC_039553.1	7768	0	5	150M	0	0	1	0	0	0	0.000	0	0	0	0.000	0	0.000	0	0	0	75	0.972580	0.971429	0	0.000
NC_037131.1_7416_7910_8:0:0_4:0:0_606	-1	150	13.000	NC_039553.1	7768	1	11	150M	0	0	1	0	0	0	0.000	0	0	0	0.000	0	0.000	0	0	0	75	1.000000	1.000000	0	0.000
NC_037131.1_7423_7920_11:0:0_5:0:0_5ce	-1	150	13.000	NC_039553.1	7778	1	17	150M	0	0	1	0	0	0	0.000	0	0	0	0.000	0	0.000	0	0	0	75	1.000000	1.000000	0	0.000
chimera_1_A14757-15004_B15892-15943_MH4_269117_269595_0:0:0_0:0:0_49	-1	150	40.000	NC_039553.1	7781	0	48	150M	0	0	1	0	0	0	0.000	0	0	0	0.000	0	0.000	0	0	0	75	1.000000	1.000000	1	0.000
NC_037131.1_7402_7927_6:0:0_6:0:0_da	-1	150	13.000	NC_039553.1	7785	1	4	150M	0	0	1	0	0	0	0.000	0	0	0	0.000	0	0.000	0	0	0	75	1.000000	1.000000	1	0.000
NC_037131.1_7388_7934_8:0:0_6:0:0_b28	-1	150	13.000	NC_039553.1	7792	1	4	150M	0	0	1	0	0	0	0.000	0	0	0	0.000	0	0.000	0	0	0	75	0.985914	0.985714	0	0.000
NC_037131.1_7428_7937_10:0:0_9:0:0_5e4	-1	150	13.000	NC_039553.1	7795	1	44	148M2S	0	0	1	0	0	0	0.000	0	0	0	0.000	0	0.000	0	2	2	148	0.000000	0.500000	1	1.000
NC_037131.1_7791_8261_8:0:0_10:0:0_25f	-1	150	13.000	NC_039553.1	7798	0	14	150M	0	0	1	0	0	0	0.000	0	0	0	0.000	0	0.000	0	0	0	75	1.000000	1.000000	0	0.000
NC_037131.1_7441_7902_5:0:0_8:0:0_991	-1	150	13.000	NC_039553.1	7802	1	4	42S108M	0	0	1	0	0	0	0.000	0	0	0	0.000	0	0.000	42	0	42	42	1.000000	1.000000	0	0.000
NC_037131.1_7800_8309_6:0:0_6:0:0_568	-1	150	13.000	NC_039553.1	7807	0	29	150M	0	0	1	0	0	0	0.000	0	0	0	0.000	0	0.000	0	0	0	75	0.957143	0.957143	0	0.000
chimera_1_A14757-15004_B15892-15943_MH4_58644_59112_0:0:0_0:0:0_5	-1	150	40.000	NC_039553.1	7821	0	45	99M51S	0	0	1	0	0	0	0.000	0	0	0	0.000	0	0.000	0	51	51	99	0.970802	0.970425	0	0.000
chimera_1_A14757-15004_B15892-15943_MH4_50573_51074_0:0:0_0:0:0_b	-1	150	40.000	NC_039553.1	7828	0	45	60S90M	0	0	1	0	0	0	0.000	0	0	0	0.000	0	0.000	60	0	60	60	1.000000	1.000000	0	0.000
NC_037131.1_7508_7966_6:0:0_7:0:0_455	-1	150	13.000	NC_039553.1	7828	1	12	4S146M	0	0	1	0	0	0	0.000	0	0	0	0.000	0	0.000	4	0	4	4	0.000000	0.500000	0	0.000
NC_037131.1_7353_7921_9:0:0_8:0:0_b2	-1	150	13.000	NC_039553.1	7828	1	11	49S101M	0	0	1	0	0	0	0.000	0	0	0	0.000	0	0.000	49	0	49	49	0.985542	0.985117	0	0.000
NC_037131.1_7822_8323_8:0:0_3:0:0_b6c	-1	150	13.000	NC_039553.1	7829	0	2	142M8S	0	0	1	0	0	0	0.000	0	0	0	0.000	0	0.000	0	8	8	142	1.000000	1.000000	0	0.000
NC_037131.1_7433_7971_8:0:0_6:0:0_2df	-1	150	13.000	NC_039553.1	7829	1	56	147M3S	0	0	1	0	0	0	0.000	0	0	0	0.000	0	0.000	0	3	3	147	0.000000	0.500000	0	0.000
NC_037131.1_7393_7974_10:0:0_6:0:0_2b0	-1	150	13.000	NC_039553.1	7832	1	35	144M6S	0	0	1	0	0	0	0.000	0	0	0	0.000	0	0.000	0	6	6	144	1.000000	1.000000	0	0.000
NC_037131.1_7466_7974_9:0:0_2:0:0_4ac	-1	150	13.000	NC_039553.1	7832	1	60	144M6S	0	0	1	0	0	0	0.000	0	0	0	0.000	0	0.000	0	6	6	144	1.000000	1.000000	0	0.000
NC_037131.1_7826_8411_10:0:0_9:0:0_7af	-1	150	13.000	NC_039553.1	7833	0	4	143M7S	0	0	1	0	0	0	0.000	0	0	0	0.000	0	0.000	0	7	7	143	1.000000	1.000000	0	0.000
NC_037131.1_7474_7981_6:0:0_3:0:0_104	-1	150	13.000	NC_039553.1	7843	1	60	4S130M16S	0	0	1	0	0	0	0.000	0	0	0	0.000	0	0.000	4	16	20	134	1.000000	1.000000	0	0.000
NC_037131.1_7840_8324_6:0:0_13:0:0_376	-1	150	13.000	NC_039553.1	7847	0	23	150M	0	0	1	0	0	0	0.000	0	0	0	0.000	0	0.000	0	0	0	75	0.972963	0.971429	0	0.000
NC_037131.1_7842_8409_3:0:0_11:0:0_872	-1	150	13.000	NC_039553.1	7849	0	60	127M23S	0	0	1	0	0	0	0.000	0	0	0	0.000	0	0.000	0	23	23	127	1.000000	1.000000	0	0.000
NC_037131.1_7809_8348_7:0:0_8:0:0_b2f	-1	150	13.000	NC_039553.1	7855	0	60	39S101M10S	0	0	1	0	0	0	0.000	0	0	0	0.000	0	0.000	39	10	49	39	1.000000	1.000000	1	0.000
NC_037131.1_7848_8326_8:0:0_6:0:0_850	-1	150	13.000	NC_039553.1	7855	0	12	117M33S	0	0	1	0	0	0	0.000	0	0	0	0.000	0	0.000	0	33	33	117	1.000000	1.000000	0	0.000
NC_037131.1_7812_8356_8:0:0_10:0:0_8c	-1	150	13.000	NC_039553.1	7855	0	21	36S114M	0	0	1	0	0	0	0.000	0	0	0	0.000	0	0.000	36	0	36	36	0.968198	0.968397	1	0.000
NC_037131.1_7831_8466_7:0:0_6:0:0_b36	-1	150	13.000	NC_039553.1	7855	0	4	17S117M16S	0	0	1	0	0	0	0.000	0	0	0	0.000	0	0.000	17	16	33	17	1.000000	1.000000	1	0.000
chimera_1_A14757-15004_B15892-15943_MH4_245774_246290_0:0:0_0:0:0_97	-1	150	40.000	NC_039553.1	7855	1	46	77S73M	0	0	1	0	0	0	0.000	0	0	0	0.000	0	0.000	77	0	77	77	0.986482	0.985711	1	0.000
NC_037131.1_7415_7964_4:0:0_7:0:0_96d	-1	150	13.000	NC_039553.1	7855	1	42	33S117M	0	0	1	0	0	0	0.000	0	0	0	0.000	0	0.000	33	0	33	33	1.000000	1.000000	1	0.000
NC_037131.1_7540_8000_6:0:0_8:0:0_aaa	-1	150	13.000	NC_039553.1	7858	1	24	118M32S	0	0	1	0	0	0	0.000	0	0	0	0.000	0	0.000	0	32	32	118	1.000000	1.000000	0	0.000
NC_037131.1_7816_8256_9:0:0_11:0:0_38b	-1	150	13.000	NC_039553.1	7862	0	33	39S96M15S	0	0	1	0	0	0	0.000	0	0	0	0.000	0	0.000	39	15	54	39	0.951385	0.953399	1	0.000
NC_037131.1_7520_7957_9:0:0_7:0:0_730	-1	150	13.000	NC_039553.1	7862	1	36	47S103M	0	0	1	0	0	0	0.000	0	0	0	0.000	0	0.000	47	0	47	47	0.909216	0.910072	1	0.000
NC_037131.1_7828_8291_9:0:0_6:0:0_16f	-1	150	13.000	NC_039553.1	7866	0	22	31S109M10S	0	0	1	0	0	0	0.000	0	0	0	0.000	0	0.000	31	10	41	31	0.965861	0.967295	0	0.000
NC_037131.1_7462_8001_10:0:0_7:0:0_8fa	-1	150	13.000	NC_039553.1	7870	1	32	11S139M	0	0	1	0	0	0	0.000	0	0	0	0.000	0	0.000	11	0	11	11	1.000000	1.000000	3	0.333
NC_037131.1_7873_8396_6:0:0_3:0:0_5f9	-1	150	13.000	NC_039553.1	7880	0	31	138M12S	0	0	1	0	0	0	0.000	0	0	0	0.000	0	0.000	0	12	12	138	1.000000	1.000000	0	0.000
NC_037131.1_7487_8024_5:0:0_12:0:0_1e	-1	150	13.000	NC_039553.1	7882	1	2	94M56S	0	0	1	0	0	0	0.000	0	0	0	0.000	0	0.000	0	56	56	94	1.000000	1.000000	0	0.000
NC_037131.1_7495_8025_9:0:0_3:0:0_47b	-1	150	13.000	NC_039553.1	7883	1	35	90M60S	0	0	1	0	0	0	0.000	0	0	0	0.000	0	0.000	0	60	60	90	1.000000	1.000000	0	0.000
chimera_1_A14757-15004_B15892-15943_MH4_182525_182991_0:0:0_0:0:0_71	-1	150	40.000	NC_039553.1	7887	0	36	89M61S	0	0	1	0	0	0	0.000	0	0	0	0.000	0	0.000	0	61	61	89	1.000000	1.000000	0	0.000
NC_037131.1_7903_8405_7:0:0_8:0:0_910	-1	150	13.000	NC_039553.1	7910	0	1	140M10S	0	0	1	0	0	0	0.000	0	0	0	0.000	0	0.000	0	10	10	140	0.961792	0.976948	0	0.000
NC_037131.1_9313_9742_8:0:0_7:0:0_4fe	-1	150	13.000	NC_039553.1	9320	0	3	130M20S	0	0	1	0	0	0	0.000	0	0	0	0.000	0	0.000	0	20	20	130	1.000000	1.000000	1	1.000
NC_037131.1_9507_9980_4:0:0_6:0:0_a6	-1	150	13.000	NC_039553.1	9514	0	3	150M	0	0	1	0	0	0	0.000	0	0	0	0.000	0	0.000	0	0	0	75	0.942857	0.942857	0	0.000
NC_037131.1_9522_10059_5:0:0_11:0:0_6c2	-1	150	13.000	NC_039553.1	9529	0	3	141M9S	0	0	1	0	0	0	0.000	0	0	0	0.000	0	0.000	0	9	9	141	0.957742	0.975915	0	0.000
NC_037131.1_9489_10007_5:0:0_11:0:0_295	-1	150	13.000	NC_039553.1	9531	0	2	35S115M	0	0	1	0	0	0	0.000	0	0	0	0.000	0	0.000	35	0	35	35	0.982900	0.984099	1	0.000
NC_037131.1_9515_9938_12:0:0_10:0:0_72b	-1	150	13.000	NC_039553.1	9531	0	2	9S136M5S	0	0	1	0	0	0	0.000	0	0	0	0.000	0	0.000	9	5	14	9	1.000000	1.000000	0	0.000
NC_037131.1_9215_9674_3:0:0_6:0:0_53e	-1	150	13.000	NC_039553.1	9532	1	9	135M15S	0	0	1	0	0	0	0.000	0	0	0	0.000	0	0.000	0	15	15	135	0.973274	0.980011	0	0.000
chimera_1_A14757-15004_B15892-15943_MH4_38334_38911_0:0:0_0:0:0_7	-1	150	40.000	NC_039553.1	9533	0	3	124M26S	0	0	1	0	0	0	0.000	0	0	0	0.000	0	0.000	0	26	26	124	1.000000	1.000000	0	0.000
NC_037131.1_9557_10049_5:0:0_7:0:0_8bc	-1	150	13.000	NC_039553.1	9564	0	3	106M44S	0	0	1	0	0	0	0.000	0	0	0	0.000	0	0.000	0	44	44	106	0.969518	0.969665	0	0.000
NC_037131.1_9525_9956_11:0:0_5:0:0_676	-1	150	13.000	NC_039553.1	9567	0	2	35S103M12S	0	0	1	0	0	0	0.000	0	0	0	0.000	0	0.000	35	12	47	35	1.000000	1.000000	0	0.000
NC_037131.1_9236_9643_6:0:0_10:0:0_4b8	-1	150	13.000	NC_039553.1	9575	1	3	74S76M	0	0	1	0	0	0	0.000	0	0	0	0.000	0	0.000	74	0	74	74	1.000000	1.000000	0	0.000
NC_037131.1_9189_9680_5:0:0_9:0:0_fe	-1	150	13.000	NC_039553.1	9577	1	9	39S89M22S	0	0	1	0	0	0	0.000	0	0	0	0.000	0	0.000	39	22	61	39	1.000000	1.000000	0	0.000
chimera_1_A14757-15004_B15892-15943_MH4_102964_103450_0:0:0_0:0:0_3b	-1	150	40.000	NC_039553.1	9578	0	3	92M58S	0	0	1	0	0	0	0.000	0	0	0	0.000	0	0.000	0	58	58	92	0.943460	0.941885	0	0.000
NC_037131.1_9581_10122_5:0:0_6:0:0_6c3	-1	150	13.000	NC_039553.1	9588	0	17	82M68S	0	0	1	0	0	0	0.000	0	0	0	0.000	0	0.000	0	68	68	82	0.973947	0.971349	0	0.000
chimera_1_A14757-15004_B15892-15943_MH4_300680_301241_0:0:0_0:0:0_2a	-1	150	40.000	NC_039553.1	9594	1	3	76M74S	0	0	1	0	0	0	0.000	0	0	0	0.000	0	0.000	0	74	74	76	0.985915	0.985713	0	0.000
chimera_1_A14757-15004_B15892-15943_MH4_301094_301499_0:0:0_0:0:0_47	-1	150	40.000	NC_039553.1	9596	0	3	74M76S	0	0	1	0	0	0	0.000	0	0	0	0.000	0	0.000	0	76	76	74	0.986099	0.985713	0	0.000
NC_037131.1_9313_9742_8:0:0_7:0:0_4fe	-1	150	13.000	NC_039553.1	9600	1	3	65M85S	0	0	1	0	0	0	0.000	0	0	0	0.000	0	0.000	0	85	85	65	0.986462	0.985632	0	0.000
NC_037131.1_9596_10117_3:0:0_9:0:0_95	-1	150	13.000	NC_039553.1	9613	0	3	10S57M83S	0	0	1	0	0	0	0.000	0	0	0	0.000	0	0.000	10	83	93	67	0.985975	0.985662	0	0.000
NC_037131.1_9165_9708_7:0:0_8:0:0_bb9	-1	150	13.000	NC_039553.1	9614	1	3	48S56M46S	0	0	1	0	0	0	0.000	0	0	0	0.000	0	0.000	48	46	94	48	0.969347	0.970132	0	0.000
NC_037131.1_11305_11916_5:0:0_7:0:0_996	-1	150	13.000	NC_039553.1	11312	0	3	150M	0	0	1	0	0	0	0.000	0	0	0	0.000	0	0.000	0	0	0	75	0.957742	0.957143	1	1.000
NC_037131.1_11668_12156_8:0:0_11:0:0_214	-1	150	13.000	NC_039553.1	11700	0	1	25S125M	0	0	1	0	0	0	0.000	0	0	0	0.000	0	0.000	25	0	25	25	1.000000	1.000000	0	0.000
NC_037131.1_11727_12236_9:0:0_3:0:0_4a	-1	150	13.000	NC_039553.1	11745	0	2	11S134M5S	0	0	1	0	0	0	0.000	0	0	0	0.000	0	0.000	11	5	16	11	1.000000	1.000000	0	0.000
NC_037131.1_11716_12234_6:0:0_6:0:0_9f	-1	150	13.000	NC_039553.1	11745	0	2	22S128M	0	0	1	0	0	0	0.000	0	0	0	0.000	0	0.000	22	0	22	22	0.978307	0.982142	0	0.000
NC_037131.1_11741_12220_4:0:0_12:0:0_698	-1	150	13.000	NC_039553.1	11748	0	2	150M	0	0	1	0	0	0	0.000	0	0	0	0.000	0	0.000	0	0	0	75	1.000000	1.000000	1	1.000
NC_037131.1_11305_11916_5:0:0_7:0:0_996	-1	150	13.000	NC_039553.1	11774	1	3	135M1D15M	0	0	1	0	0	0	0.000	0	0	0	0.000	0	0.000	0	0	0	75	0.985914	0.985714	0	0.000
NC_037131.1_14257_14768_7:0:0_8:0:0_80d	-1	150	13.000	NC_039553.1	14303	0	11	55S57M38S	0	0	1	0	0	0	0.000	0	0	0	0.000	0	0.000	55	38	93	55	0.942265	0.949678	0	0.000
NC_037131.1_14225_14739_5:0:0_4:0:0_bb6	-1	150	13.000	NC_039553.1	14303	0	23	87S58M5S	0	0	1	0	0	0	0.000	0	0	0	0.000	0	0.000	87	5	92	87	1.000000	1.000000	0	0.000
NC_037131.1_14295_14750_3:0:0_6:0:0_8b	-1	150	13.000	NC_039553.1	14303	0	1	17S67M66S	0	0	1	0	0	0	0.000	0	0	0	0.000	0	0.000	17	66	83	84	1.000000	1.000000	1	1.000
NC_037131.1_14287_14771_5:0:0_6:0:0_5d2	-1	150	13.000	NC_039553.1	14303	0	23	25S58M67S	0	0	1	0	0	0	0.000	0	0	0	0.000	0	0.000	25	67	92	83	0.916376	0.913971	0	0.000
NC_037131.1_14220_14731_4:0:0_6:0:0_876	-1	150	13.000	NC_039553.1	14303	0	2	92S58M	0	0	1	0	0	0	0.000	0	0	0	0.000	0	0.000	92	0	92	92	1.000000	1.000000	0	0.000
NC_037131.1_14228_14705_10:0:0_9:0:0_78e	-1	150	13.000	NC_039553.1	14303	0	1	84S51M15S	0	0	1	0	0	0	0.000	0	0	0	0.000	0	0.000	84	15	99	84	1.000000	1.000000	0	0.000
chimera_1_A14757-15004_B15892-15943_MH4_314139_314591_0:0:0_0:0:0_d	-1	150	40.000	NC_039553.1	14303	0	23	3S67M80S	0	0	1	0	0	0	0.000	0	0	0	0.000	0	0.000	3	80	83	70	0.943460	0.942776	1	1.000
NC_037131.1_14257_14748_2:0:0_5:0:0_556	-1	150	13.000	NC_039553.1	14303	0	2	55S67M28S	0	0	1	0	0	0	0.000	0	0	0	0.000	0	0.000	55	28	83	55	0.945056	0.941493	0	0.000
NC_037131.1_14273_14853_7:0:0_6:0:0_341	-1	150	13.000	NC_039553.1	14303	0	2	39S67M44S	0	0	1	0	0	0	0.000	0	0	0	0.000	0	0.000	39	44	83	106	0.969223	0.969665	1	1.000
NC_037131.1_14226_14694_7:0:0_8:0:0_2e4	-1	150	13.000	NC_039553.1	14303	0	2	86S51M13S	0	0	1	0	0	0	0.000	0	0	0	0.000	0	0.000	86	13	99	86	1.000000	1.000000	0	0.000
NC_037131.1_13914_14440_4:0:0_7:0:0_1d4	-1	150	13.000	NC_039553.1	14303	1	2	21S58M71S	0	0	1	0	0	0	0.000	0	0	0	0.000	0	0.000	21	71	92	79	0.905371	0.908979	0	0.000
NC_037131.1_14016_14406_7:0:0_4:0:0_2da	-1	150	13.000	NC_039553.1	14303	1	12	55S67M28S	0	0	1	0	0	0	0.000	0	0	0	0.000	0	0.000	55	28	83	55	0.971716	0.970747	0	0.000
NC_037131.1_13910_14391_4:0:0_5:0:0_65d	-1	150	13.000	NC_039553.1	14303	1	11	70S58M22S	0	0	1	0	0	0	0.000	0	0	0	0.000	0	0.000	70	22	92	70	0.986218	0.985694	0	0.000
NC_037131.1_13876_14366_8:0:0_6:0:0_a57	-1	150	13.000	NC_039553.1	14303	1	12	95S55M	0	0	1	0	0	0	0.000	0	0	0	0.000	0	0.000	95	0	95	95	1.000000	1.000000	0	0.000
NC_037131.1_13906_14441_8:0:0_4:0:0_5be	-1	150	13.000	NC_039553.1	14303	1	1	20S65M65S	0	0	1	0	0	0	0.000	0	0	0	0.000	0	0.000	20	65	85	85	0.972286	0.971264	0	0.000
NC_037131.1_13942_14420_9:0:0_6:0:0_723	-1	150	13.000	NC_039553.1	14303	1	12	41S67M42S	0	0	1	0	0	0	0.000	0	0	0	0.000	0	0.000	41	42	83	108	0.905333	0.908181	1	1.000
NC_037131.1_13905_14408_14:0:0_5:0:0_618	-1	150	13.000	NC_039553.1	14305	1	23	55S65M30S	0	0	1	0	0	0	0.000	0	0	0	0.000	0	0.000	55	30	85	55	0.930662	0.926867	0	0.000
NC_037131.1_13883_14413_7:0:0_8:0:0_a70	-1	150	13.000	NC_039553.1	14306	1	1	51S64M35S	0	0	1	0	0	0	0.000	0	0	0	0.000	0	0.000	51	35	86	51	0.954855	0.955637	0	0.000
NC_037131.1_13833_14382_10:0:0_9:0:0_796	-1	150	13.000	NC_039553.1	14308	1	22	84S62M4S	0	0	1	0	0	0	0.000	0	0	0	0.000	0	0.000	84	4	88	84	0.972851	0.971296	0	0.000
NC_037131.1_14318_14838_10:0:0_8:0:0_553	-1	150	13.000	NC_039553.1	14309	0	22	52M98S	0	0	1	0	0	0	0.000	0	0	0	0.000	0	0.000	0	98	98	52	0.926700	0.926280	0	0.000
NC_037131.1_15225_15689_5:0:0_4:0:0_53c	-1	150	13.000	NC_039553.1	15229	0	50	13S76M61S	0	0	1	0	0	0	0.000	0	0	0	0.000	0	0.000	13	61	74	89	1.000000	1.000000	0	0.000
chimera_1_A14757-15004_B15892-15943_MH4_91880_92364_0:0:0_0:0:0_f	-1	150	40.000	NC_039553.1	15471	0	48	6S144M	0	0	1	0	0	0	0.000	0	0	0	0.000	0	0.000	6	0	6	6	1.000000	1.000000	0	0.000
chimera_1_A14757-15004_B15892-15943_MH4_254884_255358_0:0:0_0:0:0_e	-1	150	40.000	NC_039553.1	15471	0	14	23S127M	0	0	1	0	0	0	0.000	0	0	0	0.000	0	0.000	23	0	23	23	1.000000	1.000000	0	0.000
NC_037131.1_15094_15644_11:0:0_5:0:0_a8a	-1	150	13.000	NC_039553.1	15486	1	36	126M24S	0	0	1	0	0	0	0.000	0	0	0	0.000	0	0.000	0	24	24	126	0.979480	0.982556	0	0.000
NC_037131.1_15121_15651_9:0:0_7:0:0_3ea	-1	150	13.000	NC_039553.1	15493	1	21	150M	0	0	1	0	0	0	0.000	0	0	0	0.000	0	0.000	0	0	0	75	0.986111	0.985714	1	1.000
NC_037131.1_15151_15656_16:0:0_4:0:0_c9	-1	150	13.000	NC_039553.1	15498	1	25	150M	0	0	1	0	0	0	0.000	0	0	0	0.000	0	0.000	0	0	0	75	0.986824	0.985714	2	0.000
NC_037131.1_15518_15949_3:0:0_8:0:0_334	-1	150	13.000	NC_039553.1	15509	0	55	150M	0	0	1	0	0	0	0.000	0	0	0	0.000	0	0.000	0	0	0	75	1.000000	1.000000	0	0.000
NC_037131.1_15473_15878_8:0:0_11:0:0_b92	-1	150	13.000	NC_039553.1	15510	0	21	46S104M	0	0	1	0	0	0	0.000	0	0	0	0.000	0	0.000	46	0	46	46	0.984304	0.984955	0	0.000
NC_037131.1_15487_16002_8:0:0_12:0:0_b0	-1	150	13.000	NC_039553.1	15510	0	1	32S118M	0	0	1	0	0	0	0.000	0	0	0	0.000	0	0.000	32	0	32	32	1.000000	1.000000	0	0.000
NC_037131.1_15115_15612_7:0:0_7:0:0_6b3	-1	150	13.000	NC_039553.1	15510	1	13	56S94M	0	0	1	0	0	0	0.000	0	0	0	0.000	0	0.000	56	0	56	56	1.000000	1.000000	0	0.000
NC_037131.1_15132_15651_1:0:0_6:0:0_91f	-1	150	13.000	NC_039553.1	15510	1	13	17S133M	0	0	1	0	0	0	0.000	0	0	0	0.000	0	0.000	17	0	17	17	0.975426	0.980768	0	0.000
NC_037131.1_15133_15600_13:0:0_5:0:0_309	-1	150	13.000	NC_039553.1	15511	1	14	69S81M	0	0	1	0	0	0	0.000	0	0	0	0.000	0	0.000	69	0	69	69	0.986063	0.985685	1	1.000
NC_037131.1_15521_16040_3:0:0_9:0:0_16	-1	150	13.000	NC_039553.1	15512	0	39	146M4S	0	0	1	0	0	0	0.000	0	0	0	0.000	0	0.000	0	4	4	146	0.000000	0.500000	0	0.000
NC_037131.1_15104_15595_6:0:0_6:0:0_2d2	-1	150	13.000	NC_039553.1	15512	1	14	75S66M9S	0	0	1	0	0	0	0.000	0	0	0	0.000	0	0.000	75	9	84	75	0.985914	0.985714	0	0.000
NC_037131.1_15486_16024_8:0:0_5:0:0_78c	-1	150	13.000	NC_039553.1	15521	0	48	44S106M	0	0	1	0	0	0	0.000	0	0	0	0.000	0	0.000	44	0	44	44	0.968746	0.969665	1	1.000
NC_037131.1_15042_15644_10:0:0_5:0:0_b37	-1	150	13.000	NC_039553.1	15521	1	35	35S115M	0	0	1	0	0	0	0.000	0	0	0	0.000	0	0.000	35	0	35	35	0.983048	0.984099	1	1.000
NC_037131.1_15474_15951_6:0:0_7:0:0_588	-1	150	13.000	NC_039553.1	15524	0	49	59S91M	0	0	1	0	0	0	0.000	0	0	0	0.000	0	0.000	59	0	59	59	0.941974	0.942000	1	0.000
NC_037131.1_15225_15689_5:0:0_4:0:0_53c	-1	150	13.000	NC_039553.1	15531	1	60	128M22S	0	0	1	0	0	0	0.000	0	0	0	0.000	0	0.000	0	22	22	128	1.000000	1.000000	0	0.000
NC_037131.1_15169_15691_8:0:0_9:0:0_ca	-1	150	13.000	NC_039553.1	15533	1	1	119M31S	0	0	1	0	0	0	0.000	0	0	0	0.000	0	0.000	0	31	31	119	1.000000	1.000000	0	0.000
NC_037131.1_15463_15920_8:0:0_6:0:0_4eb	-1	150	13.000	NC_039553.1	15534	0	1	80S70M	0	0	1	0	0	0	0.000	0	0	0	0.000	0	0.000	80	0	80	80	0.971355	0.971388	1	0.000
NC_037131.1_15544_16077_11:0:0_4:0:0_7f	-1	150	13.000	NC_039553.1	15535	0	5	114M36S	0	0	1	0	0	0	0.000	0	0	0	0.000	0	0.000	0	36	36	114	0.983104	0.984198	0	0.000
NC_037131.1_15222_15695_6:0:0_7:0:0_751	-1	150	13.000	NC_039553.1	15542	1	10	5S116M29S	0	0	1	0	0	0	0.000	0	0	0	0.000	0	0.000	5	29	34	121	0.981519	0.983381	0	0.000
NC_037131.1_15553_16038_7:0:0_7:0:0_31	-1	150	13.000	NC_039553.1	15544	0	22	110M40S	0	0	1	0	0	0	0.000	0	0	0	0.000	0	0.000	0	40	40	110	1.000000	1.000000	0	0.000
NC_037131.1_15554_16007_2:0:0_7:0:0_30	-1	150	13.000	NC_039553.1	15545	0	60	113M37S	0	0	1	0	0	0	0.000	0	0	0	0.000	0	0.000	0	37	37	113	1.000000	1.000000	0	0.000
NC_037131.1_15563_15995_7:0:0_8:0:0_aa1	-1	150	13.000	NC_039553.1	15554	0	26	101M49S	0	0	1	0	0	0	0.000	0	0	0	0.000	0	0.000	0	49	49	101	1.000000	1.000000	0	0.000
NC_037131.1_15204_15718_2:0:0_6:0:0_22f	-1	150	13.000	NC_039553.1	15560	1	28	94M56S	0	0	1	0	0	0	0.000	0	0	0	0.000	0	0.000	0	56	56	94	1.000000	1.000000	0	0.000
NC_037131.1_15581_16116_5:0:0_9:0:0_889	-1	150	13.000	NC_039553.1	15572	0	54	86M64S	0	0	1	0	0	0	0.000	0	0	0	0.000	0	0.000	0	64	64	86	0.958600	0.956844	0	0.000
NC_037131.1_15250_15732_10:0:0_6:0:0_71	-1	150	13.000	NC_039553.1	15574	1	10	84M66S	0	0	1	0	0	0	0.000	0	0	0	0.000	0	0.000	0	66	66	84	0.971892	0.971296	0	0.000
NC_037131.1_15326_15738_4:0:0_7:0:0_194	-1	150	13.000	NC_039553.1	15580	1	12	78M72S	0	0	1	0	0	0	0.000	0	0	0	0.000	0	0.000	0	72	72	78	0.986648	0.985707	0	0.000
NC_037131.1_15200_15754_4:0:0_3:0:0_4d9	-1	150	13.000	NC_039553.1	15596	1	12	62M88S	0	0	1	0	0	0	0.000	0	0	0	0.000	0	0.000	0	88	88	62	1.000000	1.000000	0	0.000
NC_037131.1_15609_16086_3:0:0_3:0:0_b72	-1	150	13.000	NC_039553.1	15600	0	12	58M92S	0	0	1	0	0	0	0.000	0	0	0	0.000	0	0.000	0	92	92	58	0.985865	0.985471	0	0.000
chimera_1_A14757-15004_B15892-15943_MH4_116082_116667_0:0:0_0:0:0_95	-1	150	40.000	NC_039553.1	15617	0	9	41M109S	0	0	1	0	0	0	0.000	0	0	0	0.000	0	0.000	0	109	109	41	0.983812	0.984624	0	0.000
